Price,Bedroom,Bathroom,Parking,Area,Road Width,Build Area
90000000,6,3,10,5476.0,20.0,98568.0
80000000,5,3,9,7187.25,20.0,4791.5
70000000,5,3,12,5818.25,20.0,55102.25
130000000,6,4,9,3508.06,20.0,2481.31
100000000,6,3,10,6673.87,20.0,4962.62
100000000,5,6,9,4385.070000000001,13.0,3016.0699999999997
11000000,3,4,1,16855.81,11.0,0.0
50000000,5,4,9,3165.8,20.0,2481.3
100000000,10,8,5,4406.46,20.0,3379.71
32500000,6,4,1,1369.0,12.0,13109544.0
32000000,4,5,3,76664.0,15.0,38332.0
39900000,5,4,1,1540.12,14.0,13690000.0
15000000,2,2,1,27380.0,12.0,0.0
52500000,5,5,3,43808.0,20.0,0.0
26500000,6,6,1,21904.0,13.0,0.0
25500000,6,6,1,21904.0,13.0,2700.0
33000000,6,4,1,2053.5,20.0,0.0
18500000,4,4,3,32856.0,13.0,0.0
62000000,7,4,3,54760.0,0.0,0.0
10500000,0,0,0,1369.0,10.0,0.0
20500000,7,3,1,1197.87,10.0,2100.0
22000000,0,0,0,1197.87,20.0,0.0
145000000,95,40,7,114996.0,20.0,0.0
55000000,5,6,4,104044.0,20.0,0.0
24000000,4,4,1,1369.0,13.0,2100.0
37000000,6,6,3,0.0,32.0,0.0
102500000,6,6,4,104044.0,13.0,0.0
22000000,7,4,2,1540.12,13.0,14785200.0
58500000,6,6,2,0.0,16.0,0.0
18500000,4,3,1,1026.75,13.0,0.0
21000000,4,3,1,1197.87,13.0,0.0
17500000,5,3,1,16599.12,13.0,16599.12
130000000,5,6,3,54760.0,15.0,0.0
105000000,8,8,4,114996.0,15.0,0.0
105000000,5,5,4,21904.0,15.0,0.0
27500000,6,5,1,0.0,16.0,0.0
40000000,7,7,2,38332.0,15.0,0.0
26500000,6,6,2,27380.0,14.0,0.0
50,0,2,2,2500.0,20.0,0.0
22500000,6,6,1,0.0,18.0,0.0
60000000,6,6,4,60236.0,15.0,0.0
250000000,6,5,10,164280.0,15.0,0.0
40000000,9,6,3,49284.0,13.0,0.0
30000000,6,5,1,0.0,15.0,0.0
65000000,6,6,4,65712.0,14.0,0.0
33000000,5,6,2,27380.0,13.0,0.0
30500000,5,5,1,21904.0,13.0,0.0
14000000,2,2,1,0.0,13.0,0.0
28000000,6,6,1,21904.0,13.0,0.0
41000000,10,5,3,21904.0,26.0,0.0
27000000,6,6,2,0.0,14.0,0.0
22000000,5,5,1,0.0,13.0,0.0
37000000,5,5,3,43808.0,15.0,0.0
46000000,4,3,1,2310.18,13.0,0.0
22500000,5,3,1,21904.0,13.0,21904.0
29000000,3,3,2,0.0,20.0,2200.0
31000000,3,4,1,1026.75,,2000.0
42500000,0,0,0,1818.2,29.0,0.0
37500000,5,5,2,27380.0,0.0,16428.0
13000000,2,1,1,0.0,0.0,0.0
105000000,4,3,4,21904.0,20.0,0.0
80000000,4,5,4,3401.1,13.0,4000.0
25000000,3,4,2,1540.12,13.0,0.0
32500000,4,4,4,38332.0,20.0,2200.0
21000000,5,3,1,0.0,12.0,0.0
16000000,3,4,1,0.0,,0.0
120000000,0,0,0,10609.75,20.0,0.0
7700000,4,2,1,32856.0,16.0,21904.0
20000000,7,3,2,1475.95,10.0,0.0
19000000,7,4,1,1026.75,20.0,19166000.0
33500000,0,4,2,1369.0,18.0,0.0
37000000,0,0,0,1754.03,13.0,0.0
36000000,0,0,0,2566.87,20.0,0.0
40000000,8,4,5,0.0,12.0,1369.0
12500000,2,1,1,1026.75,20.0,0.0
19500000,5,3,1,1112.31,20.0,1900.0
22000000,5,3,1,1197.87,20.0,2100.0
21500000,4,3,1,1369.0,20.0,2500.0
19500000,4,3,1,1197.87,20.0,4107000.0
19000000,4,3,1,1026.75,13.0,650.0
18000000,4,3,1,1026.75,13.0,650.0
37000000,8,5,2,1860.98,12.0,990.0
34000000,6,3,1,1369.0,12.0,950.0
800000,2,1,1,0.0,32.0,0.0
21000000,0,3,1,0.0,12.0,0.0
26000000,8,4,1,1411.78,16.0,1197.87
22000000,5,3,1,2224.62,10.0,0.0
23000000,7,3,1,1369.0,10.0,0.0
25000000,8,4,0,0.0,13.0,0.0
15500000,5,2,1,1240.65,13.0,0.0
23500000,6,4,1,0.0,10.0,0.0
57500000,0,0,0,2139.06,12.0,0.0
90000000,5,5,3,3422.5,20.0,0.0
17000000,4,3,1,1369.0,10.0,1650.0
12500000,2,1,1,1112.31,13.0,0.0
2100000,0,0,0,0.0,20.0,0.0
45000000,4,4,4,60236.0,22.0,0.0
12500000,2,1,1,1026.75,13.0,0.0
19000000,4,3,2,1197.87,13.0,1195.0
32000000,0,0,0,3422.5,20.0,0.0
15500000,2,1,2,1369.0,20.0,0.0
3000000,0,0,0,65712.0,16.0,0.0
6500000,0,0,0,6160.5,40.0,0.0
2350000,0,0,0,27380.0,13.0,0.0
4100000,0,0,0,1369.0,13.0,0.0
100000,0,0,0,0.0,16.0,0.0
200000,0,0,0,54760.0,20.0,54760.0
3500000,0,0,0,0.0,12.0,0.0
30000,2,1,0,21904.0,11.0,21904.0
2800000,0,0,0,98568.0,20.0,0.0
3500000,0,0,0,98568.0,30.0,0.0
1500000,0,0,0,2395.75,58.0,0.0
1250000,0,0,0,0.0,20.0,0.0
1100000,0,0,0,1369.0,10.0,0.0
8500000,0,0,0,1882.37,13.0,0.0
2850000,0,0,0,1369.0,10.0,0.0
1450000,0,0,0,1711.25,20.0,0.0
2600000,0,0,0,224516.0,15.0,0.0
3800000,0,0,0,5476.0,30.0,0.0
3500000,0,0,0,54760.0,30.0,0.0
1000000,0,0,0,16428.0,26.0,0.0
3500000,0,0,0,0.0,32.0,0.0
4200000,0,0,0,43808.0,15.0,0.0
6000000,0,0,0,43808.0,35.0,0.0
20000,2,1,1,0.0,18.0,6023600.0
2100000,0,0,0,2053.5,0.0,0.0
32000,2,2,0,1000.0,10.0,0.0
3500000,0,0,0,0.0,,0.0
75000,7,7,3,49284.0,13.0,0.0
30000,1,1,1,54760.0,0.0,0.0
8500000,0,0,0,0.0,16.0,0.0
2450000,0,0,0,1711.25,16.0,0.0
5700000,0,0,0,87616.0,14.0,0.0
20000,0,1,0,310.0,0.0,0.0
7000000,0,0,0,0.0,25.0,0.0
65000,0,1,0,320.0,0.0,0.0
2500000,0,0,0,49284.0,15.0,0.0
35000,0,0,2,49284.0,72.0,27380.0
4000000,0,0,0,21904.0,15.0,0.0
250000,6,7,6,114996.0,16.0,0.0
5700000,0,0,0,21904.0,15.0,0.0
3000000,0,0,0,27380.0,13.0,0.0
60000,0,2,5,850.0,,850.0
5500000,0,0,0,4107.0,0.0,0.0
7000000,0,0,0,2395.75,,0.0
25000,2,2,1,1085.0,13.0,0.0
30000,0,0,4,500.0,26.0,0.0
18000,1,1,1,0.0,14.0,0.0
550000,0,0,0,3679.18,10.0,0.0
115000,0,0,0,1400.0,0.0,0.0
35000000,0,0,0,1400.0,20.0,0.0
1900000,0,0,0,8556.25,22.0,0.0
600000,5,4,11,27380.0,0.0,0.0
3000000,0,0,0,27380.0,0.0,27380.0
180000000,0,0,0,0.0,30.0,0.0
23000000,3,3,1,1583.0,20.0,1583.0
80000,3,2,1,1514.0,0.0,1280.0
700000,0,0,0,0.0,25.0,0.0
35000,2,2,2,32856.0,10.0,4.0
290000,0,1,1,900.0,12.0,0.0
150000,3,4,2,1711.25,0.0,0.0
11000000,0,0,0,3336.93,32.0,0.0
55000,0,0,0,5476.0,10.0,0.0
55000,0,0,0,5476.0,12.0,0.0
11000000,0,0,0,3422.5,40.0,0.0
20000,0,0,0,65712.0,,21904.0
20000,1,1,1,6084444444443836.0,0.0,0.0
3500000,0,0,0,1369.0,,0.0
16500000,3,2,1,1200.0,40.0,1200.0
60000,4,3,2,21904.0,0.0,0.0
70000,4,3,2,21904.0,0.0,0.0
120000,5,4,4,54760.0,0.0,0.0
10000000,0,0,0,8898.5,35.0,0.0
3500000,0,0,0,5476.0,14.0,0.0
2400000,0,0,0,1369.0,16.0,0.0
2200000,0,0,0,3914.48,13.0,0.0
275000,0,0,0,0.0,0.0,0.0
3000000,0,0,0,2652.43,13.0,0.0
70000,0,0,1,2053.5,25.0,1350.0
3500000,0,0,0,5476.0,16.0,0.0
760000,0,0,0,5476.0,0.0,0.0
7000000,0,0,0,855.62,26.0,0.0
2500000,0,0,0,3935.87,14.0,0.0
6000000,0,0,0,2738.0,32.0,0.0
24500000,0,3,1,1026.75,16.0,0.0
2850000,0,0,0,5818.25,13.0,0.0
2500000,0,0,0,3935.87,14.0,0.0
40000,0,0,0,8214.0,20.0,0.0
30000,3,2,3,0.0,14.0,0.0
2600000,0,0,0,10952.0,14.0,0.0
17000000,5,3,1,1026.75,14.0,877.01
15000,2,1,1,0.0,13.0,27380.0
2850000,0,0,0,1796.81,12.0,0.0
4000000,0,0,0,16428.0,20.0,0.0
250000,0,0,0,0.0,20.0,0.0
15000000,0,0,1,4663.15,20.0,0.0
235000,0,0,0,0.0,16.0,0.0
40000,4,3,1,1500.0,22.0,0.0
5500000,0,0,0,6160.5,36.0,0.0
200000,6,4,2,54760.0,0.0,0.0
1150000,0,0,0,2481.31,11.0,0.0
30000,6,2,2,5903.81,14.0,5818.25
40000,3,2,1,54760.0,0.0,0.0
200000,5,4,4,136900.0,0.0,0.0
300000,0,0,0,49284.0,14.0,0.0
4200000,0,0,0,4449.25,,0.0
3500000,0,0,0,1500.0,0.0,0.0
11900000,2,1,0,683.0,30.0,0.0
28500000,6,6,1,1882.37,20.0,0.0
21500000,0,0,1,1197.87,13.0,0.0
20000,2,1,0,0.0,0.0,0.0
3000000,0,0,0,21904.0,13.0,0.0
12500000,3,1,1,1711.25,16.0,0.0
32500000,11,0,1,0.0,20.0,0.0
22000000,5,3,1,1369.0,10.0,0.0
11000000,3,4,1,21904.0,15.0,21904.0
17000000,0,2,1,0.0,20.0,0.0
3000000,0,0,0,1454.56,13.0,0.0
11000000,2,1,2,941.18,13.0,646.0
900000,0,0,0,27380.0,10.0,0.0
15000000,0,0,0,2738.0,45.0,0.0
13000000,4,2,1,1026.75,13.0,4107000.0
42500000,28,0,0,1818.2,29.0,1796.81
1300000,0,0,0,76664.0,20.0,76664.0
1800000,0,0,0,1625.68,12.0,0.0
300000,8,5,7,65712.0,0.0,0.0
10500000,0,0,0,2481.31,0.0,0.0
50000000,3,3,2,27380.0,20.0,1500.0
10500000,4,2,1,21904.0,13.0,21904.0
30000000,6,5,2,27380.0,14.0,3922.08
31500000,4,4,1,0.0,12.0,0.0
18000000,3,3,1,1090.92,18.0,0.0
50000000,0,0,0,0.0,20.0,0.0
57500000,4,5,1,43808.0,20.0,0.0
30000000,0,3,1,684.5,25.0,0.0
100000,3,3,3,60236.0,20.0,5000.0
15500000,0,0,0,1369.0,18.0,0.0
7500000,0,0,0,3251.37,20.0,0.0
60000000,0,0,3,3251.37,15.0,0.0
1200000,0,0,0,1625.68,20.0,0.0
2700000,0,0,0,1711.25,12.0,3600.0
35000000,7,3,2,1240.65,12.0,3600.0
3600000,0,0,0,3080.25,16.0,0.0
25000000,6,4,2,0.0,20.0,0.0
15500000,0,0,0,1197.87,13.0,1197.87
9500000,0,0,0,4449.25,40.0,0.0
75000000,0,0,0,3080.25,12.0,0.0
3500000,0,0,0,4449.25,25.0,0.0
7500000,0,0,0,13690.0,15.0,0.0
75000000,0,0,0,3422.5,16.0,0.0
4500000,0,0,0,2738.0,16.0,0.0
3700000,0,0,0,3080.25,16.0,0.0
39500000,0,0,3,2053.5,18.0,0.0
70000,0,2,0,1600.0,0.0,0.0
18000,1,1,4,375.0,20.0,0.0
5000000,0,0,0,3422.5,16.0,0.0
37000000,5,6,2,21904.0,20.0,0.0
40000,0,0,0,800.0,0.0,0.0
25600000,0,0,1,1369.0,10.0,4100.0
78000,4,4,1,27380.0,0.0,0.0
1600000,0,0,0,0.0,30.0,0.0
36500000,5,4,2,2139.05,20.0,0.0
102500000,5,0,0,6502.75,20.0,0.0
899999,0,0,0,0.0,0.0,0.0
22500000,5,3,1,1112.31,14.0,0.0
23500000,5,3,2,1026.75,15.0,0.0
22500000,4,3,1,1090.92,15.0,0.0
32500000,5,4,1,1369.0,15.0,0.0
42500000,5,0,4,4107.0,15.0,0.0
11000000,10,3,0,21904.0,3.0,0.0
42500000,5,3,1,1711.25,12.0,0.0
35000000,5,4,2,2053.5,18.0,0.0
2200000,0,0,0,1711.25,20.0,0.0
2400000,0,0,0,1711.25,16.0,0.0
2400000,0,0,0,27380.0,12.0,0.0
6000000,0,0,0,0.0,13.0,0.0
2700000,0,0,0,71188.0,13.0,0.0
2300000,0,0,0,32856.0,20.0,0.0
37000000,5,5,1,21904.0,20.0,0.0
45000000,6,6,3,32856.0,20.0,0.0
550000,0,0,0,0.0,6.0,0.0
39000000,2,1,2,60236.0,0.0,0.0
17000000,5,3,1,0.0,12.0,0.0
100000,5,4,2,60236.0,0.0,0.0
75000,3,3,1,0.0,0.0,0.0
16500000,6,3,1,1026.75,10.0,0.0
20500000,4,4,1,1283.43,13.0,2300.0
25000000,7,6,3,0.0,13.0,0.0
12500000,0,0,0,16428.0,16.0,0.0
21000000,4,5,1,21904.0,20.0,12047200.0
60000,0,4,1,900.0,,6571200.0
3500000,0,0,0,4278.12,,4278.12
600000,0,0,0,88985.0,300.0,88985.0
420000,0,0,0,288473.96,500.0,288473.96
2000000,0,0,0,19936.06,,19936.06
50000,2,1,1,7529.5,10.0,0.0
175000,0,0,6,5476.0,14.0,0.0
160000,6,5,8,5476.0,20.0,0.0
2500000,0,0,0,1369.0,12.0,0.0
6000000,0,0,0,11465.37,,11465.37
18000000,6,3,2,0.0,13.0,0.0
35200000,4,4,1,1882.37,20.0,2380.0
35000,3,2,1,54760.0,0.0,43808.0
37100000,4,4,1,2053.5,20.0,2380.0
55000000,4,5,4,1711.25,14.0,0.0
34500000,4,4,1,1796.81,20.0,2380.0
1650000,0,0,0,120472.0,28.0,0.0
45000000,5,6,3,32856.0,13.0,0.0
22500000,6,5,1,0.0,14.0,0.0
30000,3,2,1,43808.0,10.0,32856.0
700000,4,2,1,0.0,,0.0
35000,2,2,2,6.0,10.0,4.0
35000,2,2,2,6.0,10.0,4.0
700000,0,0,0,1497.34,0.0,0.0
23500000,6,5,1,16428.0,13.0,0.0
102500000,6,6,4,104044.0,13.0,0.0
28200000,4,4,1,1454.56,40.0,11318892.0
40000,0,1,0,620.0,14.0,530.0
13000000,2,1,2,17112.5,10.0,0.0
32500000,5,5,1,21904.0,13.0,0.0
26000000,11,9,1,1711.25,13.0,3200.0
24000000,7,8,1,27380.0,13.0,0.0
17700000,3,4,1,855.62,12.0,0.0
2200000,1,1,2,0.0,10.0,21904.0
16800000,5,5,1,16428.0,14.0,0.0
34000000,6,6,2,0.0,30.0,0.0
22500000,5,5,1,0.0,14.0,0.0
200000,5,4,2,4962.62,14.0,15606600.0
25000,3,1,4,550.0,20.0,550.0
17000,2,1,0,114996.0,14.0,0.0
42500000,5,6,4,65712.0,14.0,0.0
790000,6,7,10,438080.0,24.0,0.0
41000000,7,3,1,1711.25,10.0,0.0
1300000,0,0,0,0.0,0.0,0.0
15000000,3,3,2,0.0,4.0,0.0
37500000,8,6,1,2481.31,12.0,1026.75
16000000,5,3,1,1026.75,13.0,2000.0
55000,2,1,0,27380.0,0.0,0.0
75000,4,3,2,10952.0,0.0,0.0
500000,22,4,3,54760.0,0.0,0.0
500000,0,0,0,0.0,,0.0
15000000,4,4,2,0.0,0.0,0.0
21500000,6,4,3,1369.0,20.0,0.0
450000,0,0,0,0.0,0.0,0.0
23500000,0,0,0,16428.0,0.0,0.0
60000000,5,5,1,2053.5,13.0,0.0
4200000,0,0,1,2310.18,13.0,0.0
4200000,0,0,1,3080.25,13.0,0.0
4500000,0,0,0,1860.98,20.0,0.0
4200000,0,0,0,3080.25,13.0,0.0
6000000,0,0,1,1219.26,26.0,0.0
8000000,0,0,0,5476.0,,0.0
2300000,1,0,0,650.0,,350.0
4200000,0,0,0,8898.5,20.0,0.0
130000,0,0,0,0.0,20.0,0.0
750000,0,0,0,21904.0,0.0,0.0
30000000,4,4,1,16428.0,0.0,0.0
81000000,6,6,6,114996.0,15.0,0.0
55000000,5,5,6,65712.0,22.0,0.0
13000000,6,2,1,1026.75,23.0,855.62
273258,4,0,1,125948.0,10.0,0.0
30000000,4,3,1,16428.0,0.0,0.0
225000,0,3,2,38332.0,16.0,2100.0
375000,0,0,0,0.0,0.0,0.0
17500000,5,4,1,0.0,15.0,1969.43
1450000,0,0,0,0.0,13.0,0.0
65000000,6,5,1,4107.0,12.0,0.0
9500000,3,1,1,16428.0,13.0,11368176.0
9000000,6,3,1,2181.84,10.0,3000.0
2900000,0,0,0,76664.0,20.0,0.0
80000000,16,10,2,3080.25,8.0,2395.75
20000000,3,3,1,16428.0,0.0,0.0
1600000,0,0,0,0.0,,0.0
1500000,0,0,0,0.0,20.0,0.0
11000,0,0,0,2395.75,12.0,555.0
4100000,0,0,0,87616.0,18.0,87616.0
31000000,7,3,1,1369.0,10.0,1369.0
495000,0,0,0,1100.0,0.0,0.0
900000,0,2,4,0.0,50.0,1400.0
200000,5,4,2,65712.0,0.0,0.0
15000,2,1,1,1200.0,12.0,0.0
20000,0,1,1,7016.12,14.0,550.0
17500000,3,3,1,256.68,13.0,256.68
19500000,5,3,1,1026.75,20.0,1798.0
60000,5,0,6,500.0,20.0,200.0
11000,0,0,5,200.0,20.0,500.0
60000,3,4,2,38332.0,0.0,0.0
3500000,0,0,0,21904.0,20.0,0.0
65000000,5,4,1,2738.0,20.0,0.0
150000000,6,6,4,6845.0,18.0,0.0
3500000,0,0,0,3422.5,16.0,0.0
250000000,5,7,20,32856.0,18.0,0.0
3500000,0,0,0,2738.0,15.0,0.0
37000000,6,6,2,2053.5,16.0,0.0
19000000,4,3,1,1026.75,15.0,0.0
105000000,6,5,3,4107.0,16.0,0.0
4500000,0,0,0,3422.5,25.0,0.0
3400000,0,0,0,2053.5,16.0,0.0
280000,5,5,3,3764.75,0.0,1026.75
65000000,5,6,3,43808.0,22.0,0.0
25000,2,2,1,1000.0,0.0,0.0
19500000,5,3,1,1112.31,20.0,10952000.0
1800000,43,20,0,10952.0,0.0,0.0
24000000,8,5,1,1369.0,14.0,1369.0
800000,31,31,6,0.0,0.0,0.0
13000,2,2,1,0.0,,0.0
200000,4,4,2,27380.0,0.0,0.0
95000,4,2,1,0.0,12.0,0.0
600000,0,0,0,27380.0,0.0,0.0
2000000,0,0,0,0.0,20.0,0.0
35000000,3,4,3,1625.68,30.0,2500.0
250000,17,19,4,32856.0,0.0,0.0
60000,4,3,2,16428.0,0.0,0.0
20000000,5,2,1,0.0,15.0,0.0
23500000,6,4,1,1369.0,13.0,0.0
24000000,4,4,1,1347.6,18.0,1704.0
700000,0,0,0,0.0,18.0,1711.25
80000,4,3,1,1833.0,0.0,0.0
16000,2,1,0,32856.0,7.0,12047200.0
40000000,4,4,2,3208.59,,0.0
18000,1,1,1,93092.0,20.0,800.0
3000000,0,0,0,0.0,21.0,0.0
25000,2,2,1,76664.0,0.0,0.0
39999999,4,3,2,1754.03,28.0,0.0
2000000,0,0,0,0.0,14.0,0.0
60000,2,2,1,27380.0,0.0,0.0
65000,3,3,2,32856.0,0.0,0.0
43500000,7,3,1,2652.43,13.0,0.0
10000,1,1,0,16428.0,0.0,0.0
25000,4,2,1,16428.0,0.0,0.0
20000,1,1,0,16428.0,0.0,0.0
100000,4,4,1,21904.0,0.0,0.0
270000,5,4,12,10952.0,13.0,3000.0
430000,0,0,0,4920.0,32.0,0.0
2000000,0,0,0,0.0,12.0,0.0
1100000,0,0,0,38332.0,0.0,0.0
3500000,0,0,0,54760.0,15.0,0.0
20000,2,1,1,32856.0,10.0,0.0
2700000,0,0,0,43808.0,14.0,0.0
150000,4,4,1,0.0,0.0,0.0
450,0,0,0,2200.0,0.0,0.0
60000,2,2,1,27380.0,0.0,0.0
22500000,4,3,1,0.0,16.0,0.0
45000000,0,4,2,2053.5,20.0,0.0
85000000,5,6,4,71188.0,20.0,0.0
160000000,6,6,5,114996.0,20.0,0.0
7500000,0,0,0,10952.0,15.0,0.0
61000000,12,8,4,60236.0,13.0,0.0
45000000,6,6,2,32856.0,15.0,0.0
49500000,5,5,2,0.0,14.0,0.0
24000000,6,6,1,0.0,15.0,0.0
45000000,6,6,4,0.0,20.0,0.0
60000000,7,7,4,0.0,15.0,0.0
22500000,5,5,1,0.0,14.0,0.0
69000000,5,5,0,4107.0,22.0,0.0
68000000,0,0,0,43808.0,30.0,0.0
3700000,0,0,0,6160.5,16.0,0.0
62000000,5,6,4,93092.0,14.0,0.0
3700000,0,0,0,0.0,15.0,0.0
69000000,7,7,4,65712.0,20.0,0.0
45000000,6,7,2,32856.0,15.0,14237600.0
65000000,6,5,0,4107.0,16.0,0.0
42000000,8,7,4,2053.5,20.0,1369.0
13000000,2,1,1,1197.87,10.0,0.0
12700000,2,1,1,1090.92,10.0,0.0
11000000,2,1,1,855.62,16.0,0.0
3050000,0,0,0,0.0,,0.0
12000000,2,1,1,1026.75,13.0,0.0
65000,4,3,1,32856.0,0.0,0.0
12500000,2,1,1,1304.8200000000002,13.0,0.0
19000000,8,4,1,1197.87,10.0,2100.0
11500000,2,1,1,983.96,13.0,0.0
400000,0,0,0,0.0,26.0,0.0
80000,6,3,10,2700.0,26.0,1600.0
16000,2,1,1,1454.56,13.0,1625.67
60000,3,2,1,1180.0,24.0,1180.0
15000000,2,1,1,1411.78,16.0,0.0
11000000,2,1,1,1026.75,13.0,0.0
1500000,0,0,0,32856.0,12.0,0.0
50000,4,4,1,1369.0,12.0,0.0
20000000,4,4,4,0.0,14.0,0.0
400000,0,5,3,49284.0,,87616.0
7500000,0,0,0,10952.0,15.0,0.0
4500000,0,0,0,1369.0,16.0,0.0
4600000,0,0,0,23615.25,13.0,0.0
23000000,5,5,1,21904.0,13.0,0.0
60000000,7,4,4,0.0,14.0,0.0
60000000,5,6,4,0.0,13.0,0.0
25500000,7,4,1,1369.0,14.0,0.0
55000000,5,4,2,2395.75,14.0,0.0
22200000,4,5,1,1112.31,0.0,0.0
24000000,5,3,1,0.0,13.0,0.0
55000000,5,6,2,38332.0,14.0,0.0
25500000,7,6,1,0.0,14.0,0.0
2700000,0,0,0,1711.25,15.0,0.0
27500000,6,3,1,1369.0,15.0,0.0
2650000,0,0,0,0.0,20.0,0.0
63000000,5,4,2,3422.5,16.0,0.0
3500000,0,0,0,3422.5,14.0,0.0
60000000,5,5,0,5818.25,20.0,0.0
34500000,6,4,2,2053.5,30.0,0.0
39500000,3,3,2,0.0,15.0,0.0
38000000,0,3,3,3080.25,16.0,0.0
12000000,4,1,0,1796.81,4.0,0.0
8700000,0,2,0,5476.0,1.0,5476.0
12500000,2,1,1,16428.0,13.0,0.0
130000,2,1,1,16428.0,15.0,0.0
60000,0,0,0,27380.0,13.0,0.0
23500000,4,4,1,0.0,13.0,0.0
60000,4,3,1,54760.0,20.0,16428.0
27000000,6,4,0,1197.87,13.0,0.0
15200000,4,2,1,1340.0,20.0,1340.0
2650000,0,0,0,0.0,20.0,0.0
235000000,5,5,1,16428.0,13.0,0.0
27600000,7,6,1,21904.0,13.0,0.0
70000000,5,4,10,7529.5,16.0,0.0
50000000,4,4,2,0.0,16.0,0.0
22500000,4,3,1,1026.75,15.0,0.0
23500000,0,3,1,1026.75,16.0,0.0
240,5,5,1,16428.0,14.0,0.0
70000000,6,7,10,120472.0,15.0,0.0
500000000,5,5,2,0.0,15.0,0.0
160000000,10,10,5,114996.0,20.0,0.0
42500000,6,6,0,32856.0,15.0,0.0
18000000,5,5,1,0.0,13.0,0.0
27500000,6,6,2,21904.0,14.0,0.0
33000000,5,3,1,1711.25,15.0,0.0
145000000,5,6,4,109520.0,18.0,0.0
3700000,5,4,9,7358.37,8.0,0.0
21000000,4,5,1,1369.0,20.0,0.0
28500000,5,4,1,1647.0700000000002,13.0,13416200.0
17500000,4,2,0,27380.0,20.0,0.0
15500000,4,2,1,21904.0,0.0,0.0
15500000,4,2,1,21904.0,20.0,0.0
3200000,0,0,0,54760.0,13.0,0.0
250000,18,5,0,10952.0,13.0,0.0
3000000,0,0,0,16428.0,20.0,0.0
2300000,0,0,0,0.0,13.0,0.0
2000000,0,0,0,1400.0,20.0,1400.0
400000,0,0,0,60236.0,400.0,60236.0
1100000,0,0,0,0.0,20.0,0.0
42000000,7,6,3,0.0,13.0,0.0
300000,18,4,0,1369.0,18.0,1197.87
2500000,0,0,0,87616.0,0.0,87616.0
4000000,0,0,0,1711.25,13.0,0.0
30000,2,1,1,790.0,,790.0
19000000,4,3,2,1112.31,0.0,0.0
21000000,3,2,1,1048.14,13.0,0.0
50000,3,2,0,1259.0,20.0,0.0
200000,0,0,0,54760.0,20.0,0.0
110,0,0,0,54760.0,16.0,0.0
100000,3,4,1,21904.0,15.0,0.0
160,0,0,0,109520.0,0.0,0.0
350000,0,0,0,43808.0,15.0,8000.0
3000000,0,0,0,1454.56,15.0,0.0
200000,4,3,2,43808.0,15.0,0.0
3000000,0,0,0,0.0,15.0,0.0
150000,0,0,2,16428.0,0.0,0.0
1200000,0,0,0,21904.0,20.0,0.0
250000,0,0,0,0.0,16.0,0.0
120000,12,0,2,16428.0,15.0,0.0
130000,12,0,3,32856.0,16.0,3500.0
150000,8,3,2,21904.0,16.0,0.0
2500000,0,0,0,21904.0,15.0,0.0
150000,4,4,1,32856.0,16.0,0.0
85000000,7,8,4,76664.0,14.0,0.0
13000000,0,0,0,3422.5,13.0,0.0
1050000,0,0,0,1369.0,13.0,0.0
80000,13,0,0,21904.0,13.0,0.0
370000,17,17,0,32856.0,20.0,0.0
2600000,0,0,0,21904.0,22.0,0.0
150000,4,4,2,38332.0,13.0,0.0
17000000,8,3,2,0.0,10.0,16428.0
18500000,3,3,1,1026.75,14.0,5618376.0
3200000,0,0,0,38332.0,13.0,0.0
17000000,4,5,1,16428.0,16.0,0.0
2500000,0,0,0,65712.0,13.0,65712.0
32500000,8,6,1,21904.0,20.0,0.0
29800000,5,5,2,21904.0,15.0,0.0
2500000,0,0,0,164280.0,20.0,164280.0
33500000,5,5,1,0.0,14.0,0.0
29900000,7,6,2,27380.0,20.0,2700.0
49000000,6,6,2,0.0,14.0,0.0
29900000,5,3,1,1026.75,10.0,0.0
21000000,6,6,1,16428.0,13.0,0.0
100000000,6,6,5,104044.0,13.0,0.0
45000000,5,5,1,0.0,13.0,0.0
3500000,0,0,0,104044.0,15.0,0.0
33500000,6,6,1,21904.0,14.0,0.0
28500000,5,5,1,21904.0,15.0,0.0
50000000,5,5,3,60236.0,16.0,0.0
35000000,5,5,2,27380.0,20.0,0.0
49000000,5,5,2,0.0,13.0,0.0
39000000,5,5,3,38332.0,15.0,0.0
6500000,0,0,0,175232.0,20.0,0.0
29000000,6,6,1,21904.0,13.0,0.0
44500000,5,5,1,27380.0,16.0,0.0
5500000,0,0,0,27380.0,15.0,0.0
3700000,0,0,0,43808.0,16.0,0.0
29800000,5,5,1,0.0,16.0,0.0
5700000,0,0,0,87616.0,12.0,0.0
1250000,0,0,0,0.0,20.0,0.0
2000000,0,0,0,1176.48,12.0,0.0
45000000,3,2,1,1800.0,20.0,1800.0
1800000,0,0,0,27380.0,20.0,0.0
2000000,0,0,0,0.0,13.0,0.0
220000,0,0,0,10935.0,,10935.0
200000,0,0,0,0.0,20.0,0.0
280000,0,0,0,0.0,0.0,0.0
15000,2,1,0,700.0,14.0,700.0
38700000,6,5,3,1369.0,15.0,0.0
39000000,6,5,3,1369.0,13.0,2300.0
1200000,0,0,0,0.0,20.0,0.0
15000000,4,2,1,1625.68,18.0,151.0
155000000,9,6,31,4962.62,20.0,131424000.0
32500000,4,3,4,0.0,11.0,0.0
90000000,4,2,3,6845.0,16.0,0.0
15000,2,1,1,16428.0,13.0,0.0
150000,5,3,1,54760.0,,21904.0
4500000,0,0,0,2053.5,15.0,0.0
19000000,0,4,1,0.0,13.0,16428.0
21000000,6,5,1,1369.0,14.0,12047200.0
21500000,5,3,1,1112.31,20.0,0.0
22500000,6,3,1,1197.87,20.0,0.0
35000000,4,4,2,2395.75,20.0,0.0
60000000,5,4,2,4791.5,16.0,0.0
75000000,0,4,0,3764.75,18.0,0.0
36500000,4,3,1,1711.25,15.0,0.0
37500000,4,3,1,1711.25,15.0,0.0
3800000,0,0,0,0.0,16.0,0.0
5700000,0,0,0,5476.0,15.0,0.0
25000000,4,3,1,0.0,12.0,0.0
38500000,0,4,3,0.0,16.0,0.0
3500000,0,0,0,2053.5,20.0,0.0
24000000,4,3,1,1369.0,14.0,0.0
35500000,4,3,1,0.0,15.0,0.0
110000000,4,4,0,5476.0,16.0,0.0
55000000,4,3,2,1711.25,15.0,0.0
35500000,4,4,2,0.0,15.0,0.0
29500000,4,3,1,1369.0,13.0,0.0
49500000,0,4,3,0.0,16.0,0.0
95000000,0,4,0,0.0,15.0,0.0
28000000,4,3,2,0.0,14.0,0.0
45000000,4,4,3,2395.75,16.0,0.0
80000000,0,4,0,7187.25,16.0,0.0
35000000,4,4,2,1711.25,15.0,2500.0
57500000,4,4,4,4107.0,16.0,0.0
300000000,4,4,0,17797.0,20.0,0.0
55000000,4,4,3,3080.25,20.0,0.0
67500000,4,4,4,3080.25,20.0,0.0
55000000,4,3,3,2738.0,14.0,0.0
35000000,6,3,2,1711.25,15.0,0.0
36000000,5,4,2,2053.5,15.0,0.0
26000000,4,3,2,1369.0,14.0,0.0
47500000,5,4,3,3080.25,16.0,0.0
18200000,5,5,1,0.0,13.0,0.0
200000,13,5,1,3422.5,16.0,38332000.0
26000000,6,5,1,21904.0,14.0,0.0
39000000,5,5,2,38332.0,14.0,0.0
2300000,0,0,0,0.0,12.0,0.0
120000,4,4,1,43808.0,14.0,32856.0
33500000,5,5,2,0.0,13.0,0.0
39900000,5,6,2,38332.0,14.0,0.0
18000000,3,2,1,1259.0,0.0,1259.0
32500000,8,7,1,21904.0,20.0,0.0
29000000,5,5,2,27380.0,14.0,0.0
2600000,0,0,0,21904.0,15.0,21904.0
36000000,5,5,1,32856.0,13.0,0.0
47500000,4,5,3,49284.0,15.0,0.0
28000000,0,0,0,21904.0,12.0,21904.0
4000000,0,0,0,9583.0,210.0,0.0
15000000,5,3,1,855.62,13.0,1400.0
20000000,6,3,2,1197.87,13.0,1900.0
23000000,6,5,1,0.0,13.0,0.0
18500000,5,2,1,1197.87,13.0,10952000.0
24500000,6,5,1,21904.0,22.0,0.0
23800000,6,6,1,21904.0,18.0,0.0
39000000,6,6,2,0.0,15.0,0.0
31000000,5,5,1,0.0,14.0,0.0
29000000,6,5,1,21904.0,13.0,0.0
25000000,6,5,1,0.0,13.0,0.0
56000000,5,5,2,43808.0,15.0,0.0
67500000,5,5,3,49284.0,20.0,0.0
4000000,0,0,0,60236.0,13.0,60236.0
3500000,0,0,0,32856.0,15.0,32856.0
37500000,6,6,1,0.0,13.0,0.0
350000,6,6,4,120472.0,16.0,0.0
4200000,0,0,0,43808.0,13.0,0.0
35000000,6,5,1,0.0,13.0,0.0
22000000,5,3,2,1197.87,20.0,12047200.0
19500000,5,3,2,1197.87,13.0,0.0
17000000,5,3,2,1197.87,20.0,0.0
17500000,6,4,1,1069.53,16.0,9309200.0
850000,0,1,1,0.0,,500.0
4500000,0,0,0,65712.0,15.0,65712.0
17500000,5,3,1,1069.53,13.0,9309200.0
10000000,4,3,0,1411.78,7.0,0.0
22000000,0,0,0,1112.31,20.0,0.0
25000,2,1,1,27380.0,0.0,0.0
22000000,11,3,1,2053.5,11.0,0.0
19000000,4,3,1,0.0,0.0,0.0
1950000,0,0,2,16770.25,12.0,0.0
120000000,0,0,0,1219.26,30.0,1219.26
5750000,0,0,0,7358.37,16.0,5476.0
1600000,0,0,0,1818.2,16.0,0.0
22000000,5,2,1,941.18,13.0,0.0
2500000,0,0,0,1540.12,13.0,0.0
3000000,0,0,0,1304.8200000000002,13.0,0.0
17500000,5,4,1,0.0,15.0,0.0
400000,0,0,0,5476.0,16.0,5500.0
18000000,4,3,1,1069.53,0.0,0.0
34000000,5,4,1,32856.0,14.0,0.0
26300000,5,0,1,21904.0,13.0,17797.0
37000000,6,0,1,23615.25,13.0,23615.25
21000000,4,3,1,0.0,12.0,0.0
17000000,4,3,1,1155.09,13.0,0.0
700000,0,0,0,10952.0,0.0,10952.0
2400000,0,0,0,1133.7,20.0,0.0
17000000,8,3,1,1026.75,13.0,520220.0
2800000,0,0,0,1283.43,10.0,0.0
16000000,4,3,1,16428.0,12.0,16428.0
150000,3,3,1,2000.0,26.0,1800.0
22000000,10,3,1,1283.43,13.0,0.0
65000,0,0,0,2181.84,,1530.0
11500000,2,1,1,1369.0,13.0,0.0
1850000,0,0,0,0.0,,0.0
2100000,0,0,0,1711.25,13.0,0.0
19700000,4,4,2,0.0,13.0,0.0
29000000,6,5,1,21904.0,20.0,0.0
290000000,6,5,20,0.0,15.0,0.0
45000000,6,6,3,0.0,13.0,0.0
36000000,4,5,3,38332.0,30.0,0.0
35500000,5,5,2,0.0,13.0,0.0
6100000,0,0,0,1048.14,16.0,0.0
600000,0,0,0,0.0,60.0,0.0
24100000,3,3,0,0.0,13.0,0.0
15500000,4,2,1,16428.0,13.0,0.0
40000000,5,5,3,0.0,20.0,2700.0
17500000,5,3,0,0.0,26.0,0.0
20000000,3,2,1,16428.0,20.0,0.0
18000000,5,3,1,0.0,13.0,0.0
35000000,18,16,1,2224.62,12.0,4800.0
17000000,0,0,0,16428.0,12.0,16428.0
100,0,15,20,4791.5,,3000.0
26000000,4,3,0,1197.87,13.0,0.0
4500000,0,0,0,1882.37,12.0,0.0
3650000,4,1,0,0.0,14.0,0.0
3100000,0,0,0,1197.87,7.0,0.0
25500000,5,6,1,0.0,13.0,0.0
350000,0,0,0,147852.0,24.0,147852.0
68000000,5,5,4,65712.0,15.0,0.0
21500000,6,5,1,0.0,20.0,0.0
18200000,6,0,5,16428.0,13.0,0.0
80000000,4,4,4,114996.0,14.0,0.0
19900000,6,5,1,0.0,12.0,0.0
72000000,5,5,0,93092.0,15.0,0.0
60000000,5,5,0,32856.0,13.0,0.0
57500000,6,5,6,65712.0,15.0,0.0
66000000,5,5,4,76664.0,20.0,0.0
29900000,7,5,1,21904.0,13.0,0.0
29900000,7,7,1,21904.0,13.0,0.0
33500000,4,4,1,27380.0,20.0,0.0
37500000,5,4,1,1625.68,16.0,1138.0
2300000,0,0,0,1283.43,12.0,0.0
2250000,0,0,0,1369.0,20.0,0.0
23000000,3,2,3,1796.8,20.0,21904.0
20600000,5,3,1,0.0,13.0,0.0
26000000,5,3,1,21904.0,26.0,21904.0
65000000,5,5,3,43808.0,20.0,0.0
400000000,6,6,20,0.0,20.0,0.0
45000000,4,5,3,38332.0,15.0,0.0
3500000,0,0,0,0.0,13.0,0.0
1350000,0,0,0,0.0,20.0,0.0
600000,0,0,0,317608.0,18.0,0.0
28500000,8,3,1,1369.0,16.0,0.0
35000,4,3,1,21904.0,,27380.0
40000000,0,0,1,1711.25,13.0,0.0
400000,11,8,5,43808.0,12.0,27380.0
19000000,0,0,1,17797.0,0.0,17797.0
70000,2,1,5,43808.0,12.0,27380.0
11000000,2,1,1,11978.75,13.0,11978.75
19200000,4,5,1,1048.14,20.0,16428.0
36000000,5,5,2,0.0,13.0,0.0
20500000,4,4,1,21904.0,15.0,0.0
900000,0,0,0,0.0,10.0,0.0
45000,2,2,1,1044.0,10.0,0.0
150000,3,4,2,1882.37,,0.0
18000000,4,4,1,0.0,13.0,0.0
72000000,5,5,4,71188.0,15.0,0.0
23000000,6,5,1,21904.0,13.0,0.0
19900000,6,4,1,0.0,13.0,0.0
40000000,7,8,2,21904.0,14.0,0.0
21500000,5,5,1,0.0,13.0,0.0
34500000,6,3,2,21904.0,0.0,0.0
70000000,4,4,4,87616.0,14.0,0.0
55000000,0,0,0,0.0,,0.0
65000000,5,5,4,82140.0,14.0,27380.0
62000000,7,7,3,43808.0,13.0,0.0
5800000,0,2,2,54760.0,18.0,21904.0
150000,3,4,2,1882.37,14.0,1369.0
35000,4,3,2,0.0,12.0,0.0
25500000,0,0,0,1540.12,13.0,0.0
13500000,0,0,1,855.62,12.0,0.0
28000000,0,0,0,1967.93,20.0,0.0
20000000,0,0,2,16428.0,14.0,16428.0
67500000,4,4,2,4791.5,15.0,0.0
32500000,4,4,2,0.0,15.0,0.0
35000000,4,4,2,2395.75,15.0,0.0
31000000,4,4,1,0.0,14.0,0.0
32500000,4,4,1,0.0,18.0,0.0
20000000,4,4,1,0.0,15.0,0.0
35000000,2,3,4,0.0,15.0,0.0
32500000,4,3,1,1369.0,30.0,0.0
22000000,10,0,0,27380.0,15.0,0.0
35000000,4,4,2,2053.5,33.0,0.0
26000000,0,0,1,21904.0,12.0,17797.0
26500000,0,0,1,21904.0,14.0,17797.0
11500000,0,0,0,1197.87,13.0,0.0
60000000,0,0,0,0.0,0.0,0.0
37000000,7,6,1,1711.25,16.0,3525.0
13200000,4,2,1,0.0,13.0,0.0
1200000,0,0,0,43808.0,20.0,0.0
16000000,0,0,0,0.0,15.0,0.0
900000,0,0,0,16428.0,10.0,0.0
200000,0,0,0,0.0,15.0,0.0
27000000,16,3,0,32856.0,13.0,0.0
250000,0,0,0,0.0,0.0,0.0
50000000,0,0,0,0.0,,0.0
1800000,0,0,0,1283.43,10.0,0.0
3700000,0,0,0,27380.0,40.0,0.0
15000000,0,2,0,0.0,12.0,0.0
2500000,0,0,0,0.0,25.0,0.0
6500000,2,1,0,16428.0,5.0,0.0
27500000,7,0,2,0.0,13.0,0.0
18000000,6,4,2,16428.0,13.0,10952.0
32000000,8,4,1,1112.31,0.0,0.0
3000000,0,0,0,5.0,12.0,0.0
38500000,4,4,3,1925.15,13.0,2200.0
35000000,4,4,1,21904.0,22.0,16428.0
235000,3,3,2,1788.0,20.0,0.0
18200000,0,0,0,1026.75,13.0,0.0
13500000,4,3,1,0.0,13.0,0.0
600000,0,0,0,0.0,20.0,0.0
18000,2,1,0,900.0,15.0,0.0
8000000,3,1,1,0.0,13.0,0.0
60000,3,3,0,1197.87,13.0,0.0
2500000,0,0,0,0.0,15.0,0.0
7500000,2,1,2,0.0,,0.0
5700000,0,0,0,2310.18,24.0,0.0
2000000,0,0,0,16428.0,13.0,0.0
50000,0,0,0,855.62,11.0,616.0
1150000,0,0,0,2738.0,13.0,0.0
32500000,6,5,5,0.0,12.0,0.0
85000,0,0,0,65712.0,12.0,43808.0
1050000,0,0,0,2566.87,13.0,0.0
18000000,0,3,1,1133.7,9.0,0.0
3000000,0,0,0,0.0,10.0,0.0
20000000,0,0,0,0.0,30.0,0.0
14500000,0,0,0,16428.0,13.0,0.0
1900000,0,0,0,27380.0,12.0,0.0
11000000,0,0,0,0.0,15.0,0.0
45000000,0,0,0,43808.0,15.0,0.0
49500000,0,0,0,49284.0,15.0,0.0
70000000,3,3,4,3422.5,20.0,2000.0
70000000,4,3,4,3251.37,20.0,2500.0
4300000,0,0,0,49284.0,9.0,0.0
25000000,3,5,1,1369.0,20.0,2300.0
16000000,16,4,1,21904.0,10.0,4.0
13500000,3,9,0,941.18,10.0,0.0
12000000,2,1,0,1048.14,12.0,0.0
2700000,0,0,0,2224.62,16.0,0.0
27800000,6,3,2,27380.0,13.0,21904.0
36000000,3,3,2,2224.62,20.0,2000.0
3800000,0,0,0,27380.0,20.0,0.0
180000,5,0,2,1711.25,14.0,1796.79
100000000,8,9,4,4620.37,13.0,4500.0
60000000,6,3,4,3165.8,20.0,2500.0
4000000,0,0,0,1668.46,20.0,0.0
65000000,5,5,3,82140.0,13.0,0.0
56000000,6,6,3,54760.0,20.0,3600.0
44500000,6,5,3,0.0,15.0,0.0
85000000,5,5,3,93092.0,13.0,0.0
38000000,0,0,0,2738.0,13.0,0.0
2000000,0,0,0,2395.75,16.0,0.0
1375000,0,0,0,1369.0,13.0,0.0
1450000,0,0,0,1369.0,13.0,0.0
19000000,8,0,0,1069.53,10.0,0.0
50000,6,3,3,2224.62,10.0,1026.75
1700000,0,0,0,2224.62,14.0,0.0
7500000,3,1,0,855.62,4.0,0.0
47500000,5,4,2,2738.0,20.0,2500.0
25000000,3,3,1,1369.0,20.0,2300.0
22500000,7,2,0,1326.21,13.0,0.0
35000000,5,4,2,2053.5,20.0,2500.0
1300000,0,0,0,400.0,15.0,0.0
50000000,7,4,1,2395.75,10.0,1000.0
4000000,0,0,0,1882.37,12.0,0.0
25000000,7,5,1,16428.0,13.0,0.0
16500000,0,0,0,1048.14,14.0,0.0
46000000,5,4,2,2395.75,13.0,3000.0
30000000,5,4,0,2566.87,15.0,0.0
1700000,0,0,0,1647.0700000000002,20.0,0.0
3300000,0,0,0,1882.37,,0.0
330000,0,0,0,0.0,13.0,0.0
7000000,0,0,0,21904.0,20.0,0.0
28000000,2,4,3,27380.0,13.0,0.0
35000000,0,0,0,1454.55,13.0,0.0
49000000,0,0,0,1540.12,12.0,0.0
4000000,0,0,0,0.0,20.0,0.0
20000,2,1,2,2053.5,13.0,1026.75
350000,0,0,0,0.0,26.0,0.0
21500000,5,5,1,0.0,13.0,0.0
3900000,0,0,0,43808.0,15.0,0.0
6700000,0,0,0,21904.0,33.0,0.0
25500000,7,5,1,27380.0,20.0,2600.0
4200000,0,0,0,2738.0,15.0,0.0
16500000,8,0,0,1048.14,13.0,0.0
22000000,11,0,0,1454.55,13.0,0.0
10500000,0,0,0,21904.0,10.0,0.0
2200000,0,0,0,3251.37,18.0,0.0
5000000,0,0,0,10.0,11.0,0.0
1250000,0,0,0,1454.56,20.0,0.0
70000000,5,7,3,4107.0,14.0,0.0
1250000,0,0,0,0.0,20.0,0.0
39500000,5,6,5,1967.93,20.0,0.0
1450000,0,0,0,54760.0,,0.0
18000000,2,1,0,27722.25,12.0,0.0
4300000,0,0,0,0.0,26.0,0.0
22000000,3,4,1,16428.0,14.0,9856800.0
30000,0,0,0,5476.0,0.0,0.0
110000,0,6,1,32856.0,22.0,0.0
40000,2,1,1,683.0,0.0,0.0
5500000,0,0,0,3080.25,16.0,0.0
62500000,5,6,5,0.0,15.0,0.0
8500000,0,0,0,2395.75,16.0,0.0
32500000,0,0,0,11123.12,16.0,0.0
47000000,18,6,6,32856.0,13.0,0.0
175000,0,0,0,1800.0,42.0,0.0
500000,0,0,0,0.0,,0.0
11000000,0,0,0,5476.0,20.0,0.0
22500000,0,4,4,1026.75,12.0,0.0
11000000,0,0,0,8898.5,40.0,0.0
13000000,0,0,0,10609.75,50.0,0.0
45000000,6,6,2,2738.0,20.0,0.0
130000000,6,7,10,8898.5,20.0,0.0
15000000,0,0,0,3080.25,60.0,0.0
7500000,0,0,0,3165.81,45.0,0.0
4000000,0,0,0,2224.62,12.0,0.0
120000000,4,5,2,4149.78,20.0,0.0
100000,2,2,1,1371.0,0.0,0.0
45000,3,3,1,855.62,16.0,855.62
350000,0,0,0,2200.0,,0.0
22000000,6,5,1,27380.0,14.0,21904.0
17000000,3,2,3,1369.0,13.0,127.18
550000,24,0,15,262848.0,22.0,87616.0
30000000,10,8,2,21904.0,30.0,0.0
7000000,0,0,0,16428.0,10.0,0.0
19000000,4,4,2,1390.39,13.0,2500.0
18000000,0,4,0,0.0,0.0,0.0
1550000,0,0,0,0.0,66.0,0.0
12000000,1,1,1,919.79,10.0,919.79
122500000,23,10,0,855.62,15.0,0.0
55000,4,4,0,2100.0,15.0,0.0
1500000,0,0,0,1197.87,12.0,0.0
1300000,0,0,0,21904.0,4.0,0.0
815000,0,0,0,0.0,20.0,0.0
1350000,0,0,0,32856.0,12.0,0.0
80000,6,2,0,1967.93,20.0,13690000.0
20000000,0,0,0,21904.0,15.0,0.0
17000000,8,3,0,1026.75,13.0,0.0
17000000,0,0,0,1026.75,10.0,0.0
8500000,4,0,0,0.0,10.0,0.0
1100000,0,0,0,27380.0,20.0,0.0
15500000,8,0,0,16428.0,20.0,0.0
2600000,0,0,0,2395.75,20.0,0.0
60000000,0,0,0,16492.17,20.0,0.0
24000,0,3,1,71188.0,,32856.0
230000,0,0,0,0.0,0.0,0.0
1200000,0,0,0,213564.0,20.0,0.0
5600000,0,0,0,27380.0,15.0,0.0
44000000,5,6,1,21904.0,15.0,0.0
100000000,6,6,10,109520.0,20.0,0.0
96000000,5,7,0,98568.0,20.0,0.0
28500000,6,6,2,0.0,20.0,0.0
22500000,0,0,0,21904.0,16.0,0.0
41000000,17,10,2,0.0,15.0,0.0
30000000,11,0,2,0.0,13.0,0.0
2500000,0,0,0,1711.25,0.0,0.0
1200000,0,0,0,1850.0,40.0,0.0
170000,3,4,2,2100.0,20.0,0.0
65000000,5,6,3,0.0,15.0,0.0
95000,4,2,4,43808.0,0.0,0.0
2300000,0,0,0,0.0,13.0,0.0
12000,2,1,0,900.0,15.0,0.0
115000000,4,4,4,98568.0,13.0,65712.0
4000000,0,0,0,1711.25,0.0,0.0
1400000,0,0,0,1369.0,0.0,0.0
2500000,0,0,0,0.0,,0.0
3500000,0,0,0,1369.0,20.0,0.0
1000000,0,0,0,5476.0,32.0,0.0
2300000,0,0,0,1711.25,13.0,0.0
230000,0,0,1,2738.0,32.0,0.0
2100000,0,0,0,1369.0,16.0,0.0
35000000,6,4,8,2224.62,32.0,0.0
140000000,7,4,3,7871.75,26.0,0.0
7500000,0,0,0,1026.75,13.0,0.0
9500000,0,0,0,941.18,10.0,0.0
20000000,0,0,0,1112.31,13.0,0.0
18000000,0,0,0,16428.0,16.0,0.0
12000000,0,0,0,0.0,30.0,0.0
160000,0,4,0,2400.0,0.0,0.0
35000000,0,0,0,38332.0,15.0,0.0
25000,0,0,0,2200.0,13.0,0.0
150000,0,0,0,85562.5,20.0,0.0
15000,0,0,0,43808.0,24.0,2000.0
4500000,0,0,0,0.0,0.0,0.0
25000,1,1,2,2053.5,16.0,1369.0
35000,0,2,1,16428.0,0.0,10952.0
5500000,0,0,0,0.0,16.0,0.0
17600000,2,2,1,962.57,13.0,962.0
18500000,0,0,0,1197.87,13.0,0.0
25000000,0,0,0,1882.37,12.0,0.0
33000000,5,4,1,27380.0,12.0,27380.0
8000000,0,0,0,0.0,12.0,0.0
22000,2,2,1,32856.0,13.0,21904.0
22500000,9,4,3,16428.0,13.0,0.0
27500000,6,3,3,21904.0,13.0,0.0
23800000,6,3,1,21904.0,13.0,16428.0
18500000,8,0,0,1197.87,12.0,0.0
33000000,12,0,0,2139.05,12.0,0.0
23000000,10,0,0,21904.0,12.0,0.0
15500000,7,0,0,16428.0,12.0,0.0
8500000,0,0,0,898.4,,0.0
2000000,0,0,0,0.0,20.0,0.0
2225000,0,0,0,3294.15,15.0,0.0
19000000,0,0,0,941.18,10.0,0.0
29800000,0,0,0,1882.37,15.0,0.0
3500000,0,0,0,27380.0,14.0,0.0
17000,3,3,2,1369.0,17.0,1369.0
200000,0,0,0,615.0,35.0,0.0
1000000,0,0,0,273800.0,0.0,0.0
26200000,13,0,0,2139.05,13.0,0.0
4600000,0,0,0,16428.0,13.0,0.0
1000000,0,0,0,27380.0,17.0,0.0
26500000,4,4,1,0.0,16.0,752.0
200000,5,4,4,0.0,20.0,0.0
8500000,0,0,0,2759.39,13.0,0.0
40000,0,2,0,1400.0,,1400.0
5500000,0,0,0,0.0,1.0,0.0
41000000,5,4,2,2823.56,13.0,2500.0
550000,0,0,0,19166.0,20.0,0.0
175000,0,0,0,2200.0,15.0,0.0
42000000,11,0,0,38332.0,15.0,0.0
800000,0,0,0,164280.0,20.0,0.0
15000,2,1,1,0.0,32.0,0.0
20000000,0,0,0,162.0,20.0,0.0
2800000,0,0,0,27380.0,10.0,0.0
1800000,0,0,0,164280.0,20.0,0.0
1300000,0,0,0,54760.0,13.0,0.0
21500000,0,0,0,0.0,16.0,0.0
2500000,0,0,0,1283.43,10.0,0.0
25500000,6,4,2,0.0,13.0,21904.0
15000000,0,0,0,16428.0,10.0,0.0
32000000,5,5,2,21904.0,13.0,0.0
5000000,0,0,0,0.0,,0.0
2900000,0,0,0,21904.0,22.0,0.0
2700000,0,0,0,1112.31,10.0,0.0
32000000,6,3,2,0.0,30.0,0.0
15000,0,0,0,900.0,15.0,0.0
11500000,0,0,0,1090.92,12.0,0.0
1500000,0,0,0,1283.43,13.0,0.0
1200000,0,0,0,1604.29,20.0,0.0
125000000,16,20,1,175232.0,55.0,54760000.0
5400000,0,0,0,21904.0,,0.0
14000000,8,0,0,855.62,13.0,0.0
250000,0,0,0,3000.0,,0.0
5000000,2,1,0,0.0,,0.0
49500000,0,0,0,49284.0,16.0,0.0
1700000,0,0,0,71188.0,16.0,0.0
1100000,0,0,0,1604.29,13.0,0.0
10000000,0,0,0,1369.0,13.0,0.0
100000,0,0,0,0.0,20.0,0.0
8500000,0,0,0,5476.0,13.0,0.0
25000000,0,0,0,10.0,15.0,0.0
9500000,0,0,0,27380.0,15.0,0.0
80000000,5,5,4,3080.25,20.0,0.0
17000000,5,2,1,16428.0,12.0,0.0
18000,2,1,0,900.0,15.0,0.0
40000,0,0,0,800.0,15.0,0.0
15000,1,1,0,700.0,15.0,0.0
10000000,2,2,1,16428.0,13.0,0.0
30000000,9,5,3,1197.87,33.0,1026.75
4500000,0,0,0,43808.0,15.0,0.0
1200000,0,0,0,1540.12,12.0,0.0
1300000,0,0,0,54760.0,10.0,0.0
1700000,0,0,0,21904.0,10.0,0.0
22500000,0,3,2,0.0,13.0,16428.0
5500000,0,0,0,43808.0,15.0,0.0
7000000,0,0,0,60236.0,15.0,0.0
5500000,0,0,0,65712.0,13.0,0.0
22000000,11,0,0,27380.0,15.0,0.0
37000000,0,0,0,8520.0,0.0,0.0
36000000,0,0,0,2310.18,20.0,0.0
13200000,7,0,0,855.62,13.0,0.0
29000000,18,0,0,1454.56,32.0,0.0
80000,5,4,0,2200.0,15.0,0.0
20500000,0,0,0,27380.0,20.0,0.0
27000000,3,4,1,0.0,0.0,16428.0
8000000,0,0,0,32856.0,0.0,0.0
12000000,0,0,0,1454.55,26.0,0.0
19500000,5,3,0,1197.87,13.0,0.0
15000,3,1,0,1300.0,13.0,0.0
25000,0,0,0,1000.0,0.0,0.0
19500000,0,0,0,1454.55,13.0,0.0
3700000,0,0,0,21904.0,5.0,0.0
1350000,0,0,0,54760.0,13.0,0.0
3700000,0,0,0,21904.0,12.0,0.0
1500000,0,0,0,1369.0,20.0,0.0
1600000,0,0,0,1732.64,13.0,0.0
4000000,0,0,0,16428.0,20.0,0.0
5000000,0,0,0,5476.0,20.0,0.0
26500000,11,5,0,21904.0,13.0,0.0
25500000,11,0,0,1369.0,13.0,0.0
29500000,5,2,1,2374.35,15.0,0.0
23500000,0,3,2,0.0,13.0,0.0
15000000,4,3,0,855.62,13.0,0.0
19000000,4,3,0,1090.92,10.0,0.0
15000000,4,3,0,855.62,13.0,0.0
1700000,0,0,0,200.0,30.0,0.0
23500000,4,3,0,1283.43,20.0,0.0
18000000,5,4,0,16428.0,11.0,0.0
18500000,3,3,2,1112.31,13.0,0.0
15000000,0,0,0,0.0,20.0,0.0
24500000,7,3,0,1540.12,10.0,0.0
33000000,0,0,3,1540.12,8.0,0.0
6500000,0,0,0,2053.5,20.0,0.0
6500000,0,0,0,4107.0,20.0,0.0
6500000,0,0,0,4107.0,20.0,0.0
5500000,0,0,0,5476.0,13.0,0.0
19000000,0,0,0,0.0,15.0,0.0
4800000,2,1,1,16428.0,13.0,540.0
900000,0,0,0,400.0,15.0,0.0
21500000,0,0,0,38332.0,15.0,0.0
26000000,0,0,0,1796.8,12.0,0.0
26000000,13,0,0,0.0,20.0,0.0
1300000,0,0,0,72899.25,20.0,0.0
2300000,0,0,0,1112.31,13.0,0.0
20000000,4,1,3,54760.0,20.0,0.0
19500000,4,4,1,0.0,20.0,710.0
51000000,5,5,0,76664.0,14.0,0.0
26500000,4,4,1,1369.0,16.0,820.0
29500000,5,3,4,21904.0,0.0,0.0
1550000,0,0,0,0.0,26.0,0.0
200000,0,0,0,0.0,,0.0
15000000,0,0,0,7187.25,30.0,0.0
650000,0,0,0,0.0,,0.0
1600000,0,0,0,1026.75,12.0,0.0
1600000,0,0,0,21904.0,10.0,0.0
1200000,0,0,0,0.0,12.0,0.0
15000000,2,3,1,16428.0,12.0,0.0
40000000,3,4,1,1026.75,20.0,0.0
17500000,6,2,1,60236.0,20.0,21904.0
90000000,6,6,4,109520.0,15.0,0.0
13500000,4,3,0,11636.5,10.0,11294.25
2000000,0,0,0,900.0,15.0,0.0
15000000,0,0,0,11978.75,20.0,0.0
1500000,0,0,0,200.0,20.0,0.0
1500000,0,0,0,700.0,,0.0
1800000,0,0,0,300.0,15.0,0.0
11000000,3,1,0,16428.0,14.0,0.0
1400000,0,0,0,21904.0,10.0,0.0
70000000,5,5,0,49284.0,13.0,0.0
1400000,0,0,0,300.0,15.0,0.0
4500000,0,0,0,0.0,18.0,0.0
17900000,5,5,1,0.0,14.0,0.0
34500000,5,5,2,38332.0,15.0,0.0
27000,0,0,0,16428.0,13.0,700.0
41000000,7,6,3,38332.0,20.0,0.0
18500000,7,4,0,0.0,26.0,0.0
1900000,0,0,0,1700.0,16.0,1700.0
1500000,0,0,0,21904.0,0.0,21904.0
50000,0,0,1,0.0,13.0,0.0
105000000,5,6,10,175232.0,20.0,0.0
3000000,0,0,0,16428.0,10.0,0.0
36500000,9,10,2,32856.0,14.0,0.0
15000000,0,0,0,16428.0,10.0,0.0
21000000,5,4,2,0.0,13.0,16428.0
38000000,0,0,0,43808.0,14.0,0.0
600000,0,0,0,500.0,15.0,0.0
11000000,0,0,0,0.0,12.0,10952.0
22000,4,0,0,900.0,13.0,0.0
7500000,2,1,0,1454.55,12.0,0.0
17500000,7,3,0,0.0,0.0,0.0
1350000,0,0,0,21904.0,10.0,0.0
9000000,0,0,0,0.0,16.0,0.0
1700000,0,0,0,1625.68,14.0,0.0
1400000,0,0,0,0.0,20.0,0.0
5000000,0,0,0,21904.0,20.0,21904.0
5200000,0,0,0,16428.0,24.0,0.0
20000,0,0,0,900.0,12.0,0.0
1800000,0,0,0,328560.0,20.0,0.0
27000000,0,0,0,49284.0,0.0,0.0
13000000,2,1,0,1347.6,13.0,0.0
13000000,0,0,0,1197.87,13.0,0.0
48000000,0,0,0,0.0,,0.0
250000,0,0,0,164280.0,16.0,0.0
30000,2,1,0,900.0,10.0,0.0
1050000,0,0,0,3165.8,15.0,0.0
8000000,7,3,0,21904.0,10.0,0.0
48000,4,3,1,1454.56,15.0,0.0
30000,0,0,0,871.8,12.0,0.0
17800000,5,6,1,0.0,12.0,0.0
4000000,0,0,0,2738.0,18.0,0.0
21800000,5,6,1,0.0,12.0,0.0
29000000,0,0,0,1283.43,10.0,0.0
6000000,0,0,0,2566.87,14.0,0.0
4500000,24,22,3,0.0,30.0,16000.0
3500000,0,0,0,1026.75,12.0,0.0
2400000,0,0,0,2310.18,10.0,0.0
23000000,4,3,0,0.0,15.0,16428.0
29000000,5,0,0,1369.0,12.0,0.0
1000000,0,0,0,0.0,14.0,0.0
70000000,3,4,4,5476.0,20.0,0.0
13000,0,0,0,700.0,12.0,0.0
37500000,0,0,0,1540.12,22.0,0.0
4500000,0,0,0,0.0,20.0,0.0
11500000,0,0,0,1454.55,12.0,0.0
12500000,6,0,0,941.18,13.0,0.0
2900000,0,0,0,21904.0,12.0,0.0
350000,0,0,0,0.0,20.0,0.0
50000,0,2,4,0.0,50.0,0.0
42500000,6,0,4,2224.62,10.0,0.0
200000,0,0,0,21904.0,4.0,0.0
4200000,0,0,0,3422.5,16.0,1711.25
2400000,0,0,0,1711.25,12.0,0.0
2300000,0,0,0,65712.0,13.0,0.0
1200000,0,0,0,1711.25,20.0,0.0
25000000,0,0,0,598.9300000000001,9.0,0.0
22000000,0,0,0,21904.0,22.0,0.0
30000000,5,4,2,1369.0,20.0,0.0
17500000,0,0,0,16428.0,13.0,0.0
130000,0,0,0,43808.0,15.0,0.0
15000000,0,0,0,855.62,13.0,0.0
3700000,0,0,0,1540.12,20.0,0.0
76000000,0,0,5,1711.25,22.0,0.0
1450000,0,0,0,1283.43,13.0,0.0
12000000,2,1,1,700.0,20.0,0.0
37000000,7,5,3,0.0,20.0,0.0
800000,0,0,0,87616.0,20.0,0.0
4000000,0,0,0,16428.0,12.0,0.0
26000000,5,4,0,21904.0,13.0,0.0
1400000,0,0,0,16428.0,12.0,0.0
2200000,0,0,0,0.0,13.0,0.0
29800000,11,0,0,27380.0,13.0,0.0
1800000,0,0,0,1197.87,16.0,1197.87
350000,0,0,0,147852.0,24.0,0.0
1700000,0,0,0,1000.0,15.0,0.0
800000,0,0,0,1000.0,20.0,0.0
1900000,0,0,0,1000.0,15.0,0.0
25000000,6,4,1,1604.29,12.0,2548.0
32000000,0,0,0,32856.0,12.0,0.0
10000000,0,0,0,0.0,15.0,0.0
15000000,0,0,0,342.25,40.0,342.25
9500000,0,0,0,2566.87,15.0,0.0
1200000,0,0,0,0.0,20.0,0.0
3500000,0,0,0,1967.93,14.0,0.0
15000,2,1,0,700.0,15.0,0.0
1650000,0,0,0,1283.43,10.0,0.0
11000000,0,0,0,16428.0,10.0,0.0
16000,0,0,0,1000.0,15.0,0.0
25000,0,0,0,700.0,10.0,0.0
17000000,6,3,2,0.0,11.0,0.0
17000,3,2,0,900.0,15.0,0.0
35000000,0,0,2,1946.54,20.0,0.0
30000000,4,4,2,1369.0,13.0,0.0
22000000,0,0,0,1860.98,30.0,0.0
24000000,0,0,0,1283.43,13.0,0.0
4000000,0,0,0,5476.0,10.0,0.0
2750000,0,0,0,0.0,15.0,0.0
4000000,0,0,0,0.0,20.0,0.0
1900000,0,0,0,1540.12,13.0,0.0
8500000,0,0,0,0.0,15.0,0.0
270000,0,0,0,0.0,,0.0
8000000,0,0,0,0.0,52.0,0.0
2500000,0,0,0,21904.0,13.0,21904.0
200000,6,3,6,142376.0,13.0,43808.0
6000000,0,0,0,43808.0,20.0,0.0
1200000,0,0,0,43808.0,20.0,0.0
21000000,0,0,0,1219.26,15.0,0.0
1500000,0,0,0,98568.0,15.0,0.0
22500000,0,0,0,1240.65,13.0,0.0
115000000,0,0,0,10952.0,14.0,0.0
28000000,0,0,0,21904.0,15.0,0.0
10000000,0,0,0,27380.0,12.0,0.0
25000000,0,0,0,43808.0,14.0,0.0
13500000,2,1,0,0.0,16.0,0.0
3500000,0,0,0,2032.1,14.0,0.0
24000000,6,6,1,21904.0,15.0,0.0
24000000,6,6,1,21904.0,14.0,0.0
21000000,5,3,3,1026.75,13.0,1880.0
5500000,0,0,0,60236.0,10.0,0.0
5000000,0,0,0,1711.25,20.0,0.0
2000000,0,0,0,2823.56,15.0,0.0
2500000,0,0,0,21904.0,13.0,0.0
12500000,0,0,0,16428.0,13.0,0.0
19500,3,0,0,600.0,15.0,0.0
1000000,0,0,0,27380.0,4.0,0.0
27500000,5,3,0,21904.0,26.0,0.0
24000000,0,0,0,21904.0,15.0,0.0
2000000,0,0,0,1197.87,24.0,0.0
24000000,11,3,0,21904.0,13.0,0.0
1900000,0,0,0,21904.0,13.0,0.0
11500000,0,0,0,180708.0,13.0,0.0
24500000,7,4,0,0.0,12.0,0.0
100000,0,0,0,21904.0,13.0,0.0
600000,0,0,0,0.0,15.0,0.0
250000,0,0,0,87616.0,12.0,0.0
28500000,3,5,1,1540.12,18.0,0.0
1050000,0,0,0,98568.0,14.0,0.0
4200000,0,0,0,43808.0,20.0,0.0
62000000,4,6,4,54760.0,15.0,0.0
42500000,6,6,2,32856.0,15.0,0.0
24500000,5,5,1,21904.0,30.0,0.0
45000000,6,6,2,43808.0,15.0,0.0
33000000,0,0,3,0.0,18.0,0.0
80000000,0,0,0,3721.96,12.0,0.0
46500000,0,0,0,21904.0,21.0,0.0
34000000,5,0,0,21904.0,15.0,0.0
800000,0,0,0,400.0,15.0,0.0
2200000,0,0,0,1711.25,20.0,0.0
6500000,0,0,0,1369.0,20.0,1369.0
5800000,0,0,0,4701.0,20.0,0.0
21500000,4,3,1,2700.0,12.0,2700.0
15900000,5,3,0,1026.75,8.0,1155.08
60000,3,2,1,1481.0,0.0,0.0
110000,3,3,0,32856.0,12.0,0.0
350000,0,0,0,0.0,,0.0
1650000,0,0,0,1796.8,10.0,0.0
23500000,0,0,0,1112.31,15.0,0.0
1000000,0,0,0,855.62,15.0,0.0
42000000,0,0,0,21904.0,20.0,0.0
14000000,0,0,0,0.0,13.0,0.0
6500000,0,0,0,1000.0,20.0,0.0
1800000,0,0,0,700.0,15.0,0.0
2000000,0,0,0,1000.0,15.0,0.0
2000000,0,0,0,500.0,20.0,0.0
9000000,0,0,0,3000.0,20.0,0.0
900000,0,0,0,500.0,15.0,0.0
550000,0,0,0,400.0,15.0,0.0
2000000,0,0,0,27380.0,12.0,0.0
8500000,2,1,0,1112.31,10.0,0.0
330000,0,0,0,0.0,20.0,0.0
3500000,0,0,0,1112.3,18.0,0.0
325000,0,0,0,0.0,20.0,0.0
175000,0,0,0,0.0,15.0,0.0
4100000,0,0,0,1176.48,36.0,0.0
13500000,3,3,3,0.0,,0.0
150000000,10,10,0,93092.0,20.0,0.0
12500000,0,0,0,1112.3,13.0,0.0
18000000,4,5,1,0.0,13.0,1900.0
2700000,0,0,0,27380.0,13.0,0.0
675000,0,0,0,1967.93,10.0,0.0
46000000,0,0,0,43808.0,13.0,0.0
33000000,0,0,2,1796.81,13.0,12594800.0
3200000,0,0,0,114996.0,12.0,0.0
1900000,0,0,0,21904.0,16.0,0.0
19000000,6,3,1,0.0,0.0,792.0
175000,4,3,1,15000.0,15.0,3300.0
15,0,0,0,21904.0,8.0,21904.0
30500000,4,4,2,27380.0,15.0,0.0
1250000,0,0,0,0.0,13.0,0.0
15000000,4,3,1,0.0,,0.0
21000000,6,3,2,16428.0,14.0,90.0
6000000,0,0,0,60236.0,26.0,0.0
22500000,6,3,1,1197.87,12.0,11499600.0
23000000,11,6,3,0.0,20.0,0.0
33000000,3,4,1,0.0,20.0,18000.0
300000,0,0,0,0.0,12.0,0.0
3200000,0,0,0,32856.0,13.0,0.0
2200000,0,0,0,49284.0,15.0,0.0
55000000,10,5,5,43808.0,15.0,0.0
2550000,0,0,0,60236.0,13.0,0.0
40000000,5,4,0,32856.0,15.0,0.0
2600000,0,0,0,76664.0,13.0,0.0
2350000,0,0,0,1026.75,13.0,0.0
10600000,2,1,1,16428.0,10.0,16428.0
35000,0,0,0,16428.0,0.0,0.0
38000,0,0,0,76664.0,20.0,0.0
1850000,0,0,0,1561.51,16.0,0.0
2000000,0,0,0,0.0,,0.0
19000000,4,5,1,1900.0,15.0,16428.0
1500000,0,0,0,4.0,12.0,0.0
2200000,0,0,0,131424.0,14.0,0.0
55000000,0,0,2,8.0,13.0,0.0
20000000,0,0,0,76664.0,20.0,0.0
2250000,0,0,0,98568.0,16.0,0.0
2600000,0,0,0,1989.32,13.0,0.0
150000000,0,0,0,93092.0,20.0,0.0
490000,0,0,0,0.0,30.0,0.0
1450000,0,0,0,1625.68,12.0,0.0
100,0,0,1,75000.0,30.0,42000.0
39000000,5,2,0,27380.0,14.0,0.0
39000000,4,4,3,54760.0,13.0,0.0
4700000,0,0,0,60236.0,12.0,0.0
110000,3,3,0,1200.0,20.0,0.0
2800000,0,0,0,21904.0,15.0,0.0
26000000,0,0,0,2181.84,16.0,0.0
725000,0,0,0,76664.0,13.0,0.0
180000,2,2,0,1200.0,13.0,0.0
125000,6,4,2,3080.0,20.0,0.0
33000000,0,0,0,38332.0,20.0,0.0
2100000,0,0,0,1989.32,0.0,0.0
170000,0,0,0,43808.0,13.0,0.0
160000,7,5,5,43808.0,13.0,0.0
24500000,0,0,0,21904.0,14.0,0.0
61500000,0,0,0,98568.0,15.0,0.0
70000000,4,5,0,54760.0,12.0,3700.0
1000000,0,0,0,43808.0,20.0,14582.0
70000000,9,4,0,5989.37,9.0,0.0
9000000,7,3,0,16428.0,24.0,2200.0
130000,9,3,0,8.0,12.0,0.0
1200000,0,0,0,2053.5,0.0,0.0
1950000,0,0,0,1369.0,15.0,0.0
30000,2,1,1,850.0,20.0,850.0
35000000,5,4,5,2845.0,12.0,3420.0
2200000,0,0,0,21904.0,13.0,0.0
300000,6,3,8,5476.0,12.0,3600.0
2500000,0,0,0,1026.75,10.0,0.0
25000000,6,0,1,21904.0,16.0,2250.0
16000000,0,0,1,0.0,13.0,0.0
16000,1,1,0,109520.0,20.0,65712.0
250000,0,0,0,0.0,10.0,0.0
10500000,2,1,1,0.0,12.0,750.0
12500000,3,3,0,16428.0,10.0,3833200.0
22000,3,0,0,500.0,13.0,0.0
13500000,0,2,0,11636.5,12.0,0.0
1250000,0,0,0,2738.0,22.0,2738.0
3000000,0,0,0,114996.0,13.0,0.0
142500000,42,0,0,38332.0,22.0,0.0
90000,4,2,0,38332.0,20.0,2000.0
150000,5,4,0,5476.0,15.0,0.0
1200000,0,0,0,219040.0,20.0,0.0
250000,5,4,0,136900.0,13.0,0.0
40000,0,0,0,16428.0,13.0,0.0
125000,0,0,0,38332.0,13.0,0.0
900000,0,0,0,49284.0,16.0,0.0
100000,0,0,0,54760.0,13.0,0.0
175000,0,0,0,54760.0,15.0,0.0
150000,0,0,0,49284.0,13.0,0.0
125000,6,4,0,93092.0,15.0,0.0
100000,3,3,0,21904.0,18.0,0.0
1500000,0,0,0,1026.75,12.0,0.0
19500000,6,5,0,21904.0,14.0,0.0
97500000,3,0,0,131424.0,20.0,21904000.0
38000000,7,4,0,0.0,14.0,3400.0
125000,4,6,0,87616.0,14.0,0.0
550000,0,0,0,150.0,15.0,0.0
4500000,0,0,0,21904.0,,0.0
210000,0,0,3,21904.0,20.0,0.0
29500000,4,3,0,38332.0,20.0,0.0
4500000,0,0,0,0.0,10.0,0.0
14000000,6,0,0,21904.0,12.0,0.0
120000,3,3,0,1385.0,20.0,1385.0
30000,5,0,0,2200.0,15.0,0.0
185000,5,5,0,125948.0,14.0,0.0
43500000,0,0,0,0.0,20.0,0.0
2800000,0,0,0,0.0,20.0,0.0
300000,17,5,0,5476.0,14.0,7076.0
200000,5,4,0,21904.0,20.0,0.0
22000000,10,3,0,1112.31,20.0,0.0
1125000,0,0,0,3.0,20.0,0.0
120000,5,3,0,43808.0,13.0,0.0
29500000,3,2,1,32856.0,18.0,0.0
45000000,5,5,3,2395.75,12.0,1369.0
22500000,12,4,0,21904.0,20.0,2610.0
1600000,0,0,0,87616.0,20.0,0.0
3000000,0,0,0,600.0,15.0,0.0
100000,4,3,0,27380.0,13.0,0.0
1700000,0,0,0,400.0,15.0,0.0
2500000,0,0,0,2010.71,12.0,0.0
18000000,3,4,0,0.0,13.0,0.0
34500000,9,4,0,0.0,12.0,0.0
72500000,7,6,0,76664.0,20.0,0.0
11500000,2,1,0,16428.0,13.0,0.0
27500000,9,7,0,27380.0,13.0,0.0
100000,0,0,0,295704.0,,0.0
3500000,0,0,0,21904.0,12.0,0.0
875000,0,0,0,15.0,40.0,0.0
31500000,4,4,1,1369.0,20.0,1369.0
170000000,0,0,0,104044.0,20.0,0.0
1700000,0,0,0,9583.0,14.0,0.0
7700000,0,2,1,2139.05,14.0,1369.0
25000,0,0,0,174.3,13.0,0.0
1100000,0,0,0,0.0,20.0,0.0
2650000,0,0,0,0.0,10.0,0.0
6200000,0,0,0,38332.0,20.0,0.0
37500000,2,3,0,27380.0,14.0,0.0
3800000,0,0,0,65712.0,15.0,0.0
32500000,4,3,1,0.0,26.0,2856.0
80000,3,3,5,2738.0,20.0,1369.0
600000,0,0,0,0.0,20.0,0.0
1900000,0,0,0,2524.09,14.0,0.0
1600000,0,0,0,0.0,10.0,0.0
1000000,0,0,0,2738.0,20.0,0.0
2400000,0,0,0,38332.0,18.0,0.0
390000,0,0,0,3280.0,20.0,0.0
17500000,0,0,0,21904.0,16.0,0.0
37500000,0,0,0,32856.0,20.0,0.0
12500000,0,0,0,0.0,15.0,0.0
380000,0,0,0,0.0,15.0,0.0
15000000,0,0,0,0.0,15.0,0.0
900000,0,0,0,400.0,15.0,0.0
1300000,0,0,0,700.0,20.0,0.0
1500000,0,0,0,21904.0,20.0,0.0
25000000,2,1,1,38332.0,13.0,0.0
18000000,0,0,0,16428.0,13.0,0.0
65000,3,3,1,32856.0,20.0,11499600.0
2000000,0,0,0,0.0,15.0,0.0
30000,0,0,0,1000.0,0.0,0.0
25000,2,1,4,3833200.0,15.0,0.0
250000,0,0,0,0.0,30.0,0.0
22000,3,2,2,1300.0,15.0,0.0
20000,2,1,2,800.0,15.0,0.0
4200000,0,0,0,60236.0,20.0,0.0
350000,0,0,0,0.0,20.0,0.0
15200000,11,2,2,817.0,10.0,1411.78
13800000,2,1,0,1625.68,12.0,0.0
45000000,4,0,2,38503.12,20.0,0.0
57500000,4,6,0,38332.0,20.0,0.0
600000,0,0,0,500.0,15.0,0.0
175000,4,3,3,65712.0,13.0,0.0
700000,0,0,0,600.0,15.0,0.0
1350000,0,0,0,1112.3,15.0,0.0
29000000,8,4,1,1155.09,20.0,0.0
17800000,7,0,0,1112.31,15.0,0.0
29000000,5,3,0,21904.0,15.0,0.0
2400000,0,0,0,1475.95,14.0,0.0
2100000,0,0,0,15401.25,16.0,0.0
155000150000,0,0,0,9583.0,32.0,27380.0
6750000,7,5,3,4577.59,15.0,0.0
9000000,0,0,0,1197.87,12.0,0.0
400000,5,4,4,136900.0,16.0,0.0
3500000,0,0,0,1540.12,10.0,0.0
45000000,0,0,0,1604.29,,1604.29
2500000,0,0,0,420.0,15.0,0.0
4100000,0,0,0,54760.0,15.0,0.0
51000000,0,0,0,43808.0,15.0,0.0
6700000,0,0,0,0.0,33.0,0.0
550000,0,0,0,27380.0,,27380.0
29000000,0,0,0,1775.42,20.0,0.0
99000003300000,0,0,0,16428.0,12.0,0.0
1900000,0,0,0,1561.51,13.0,1561.51
75000000,0,0,0,2224.62,20.0,7500.0
26500000,0,0,0,0.0,12.0,0.0
36500000,0,0,0,0.0,20.0,0.0
41000000,0,0,0,21904.0,12.0,750.0
40000000,0,0,0,35594.0,13.0,0.0
5600000,0,0,0,44492.5,14.0,44492.5
40000,0,0,0,500.0,20.0,0.0
30000000,0,0,0,32856.0,12.0,0.0
14200000,4,2,0,1112.31,13.0,0.0
5500000,0,0,0,43808.0,13.0,0.0
1700000,0,0,0,16428.0,15.0,0.0
75,0,0,0,5561.56,12.0,1735.0
3200000,0,0,0,700.0,15.0,0.0
17500000,0,0,0,0.0,13.0,0.0
7500000750000,0,0,0,54760.0,12.0,0.0
20000000,0,0,0,21904.0,13.0,0.0
2000000,0,0,0,54760.0,13.0,0.0
3800000,0,0,0,5.0,13.0,0.0
20000,0,1,2,1450.0,36.0,1850.0
1800000020,0,0,0,1026.75,10.0,5574568.0
3000000,0,0,0,3080.25,9.0,0.0
15000000,2,1,0,27380.0,11.0,0.0
25000000,6,3,0,0.0,11.0,0.0
70000000,13,0,0,71188.0,14.0,0.0
16500000,6,3,0,0.0,10.0,0.0
53000000,6,4,3,0.0,15.0,0.0
3200000,0,0,0,0.0,13.0,0.0
5500000,0,0,0,38332.0,20.0,0.0
3200000,0,0,0,38332.0,15.0,0.0
2550000,0,0,0,0.0,15.0,0.0
1350000,0,0,0,0.0,13.0,0.0
3200000,0,0,0,0.0,,0.0
43000000,6,5,3,43808.0,12.0,27380.0
21500000,9,1,1,2053.5,20.0,1026.75
250000000,0,0,0,21904.0,20.0,21904.0
6400000,3,1,0,0.0,15.0,0.0
4300000,0,0,0,6845.0,14.0,6845.0
24500000,4,3,2,1197.87,,1197.87
80000000,18,6,0,2738.0,,2738.0
3600000,0,0,0,21904.0,12.0,0.0
3800000,0,0,0,0.0,,0.0
3600000,0,0,0,71188.0,10.0,0.0
9000000,0,0,0,0.0,20.0,0.0
23000000,15,6,10,0.0,20.0,0.0
33500000,0,0,1,27380.0,20.0,0.0
32000000,9,4,0,27380.0,10.0,0.0
14000000,0,0,1,0.0,10.0,0.0
35000000,10,3,0,21904.0,16.0,0.0
25500000,4,4,0,0.0,14.0,0.0
24000000,12,4,4,21904.0,0.0,21904.0
850000017,0,0,0,0.0,20.0,0.0
18700000,1,1,1,1796.81,7.0,1026.75
19500,0,0,0,800.0,0.0,0.0
1600000,0,0,0,153328.0,20.0,153328.0
16500000,5,3,0,0.0,13.0,0.0
190000150000,0,0,3,10952.0,20.0,5500.0
750000,0,0,0,21904.0,13.0,0.0
1250000,0,0,0,27380.0,20.0,0.0
25000000,0,0,0,16428.0,13.0,0.0
31800000,10,0,0,0.0,14.0,0.0
2500000,0,0,0,49284.0,15.0,0.0
27500000,0,0,0,21904.0,13.0,0.0
84000002100000,0,0,0,21904.0,10.0,0.0
78000001300000,0,0,0,2053.5,20.0,2053.5
26000000,0,0,0,0.0,15.0,0.0
800000,0,0,0,600.0,15.0,0.0
9500000,4,0,0,21904.0,15.0,0.0
15000000,0,0,0,16428.0,13.0,0.0
43000,4,3,0,2000.0,15.0,0.0
150000000,0,0,0,2224.62,20.0,4000.0
42500000,5,4,0,0.0,20.0,0.0
30000,0,0,0,800.0,15.0,0.0
1675000,0,0,0,1411.78,31.0,0.0
6000000,0,0,0,700.0,15.0,0.0
60000000,0,0,3,49284.0,13.0,0.0
40000000,0,0,0,0.0,20.0,0.0
29500000,0,0,0,1283.43,0.0,0.0
19000000,3,2,0,0.0,24.0,0.0
7500000,0,0,0,0.0,18.0,0.0
32500000,4,3,0,0.0,16.0,0.0
44500000,5,5,0,0.0,16.0,0.0
32000000,5,4,0,27380.0,15.0,0.0
28500000,5,0,0,0.0,12.0,0.0
26000000,5,3,0,0.0,12.0,0.0
2800000,0,0,0,98568.0,15.0,0.0
9500000,4,2,0,0.0,15.0,0.0
400000,0,0,0,87616.0,0.0,0.0
25000000,6,4,0,27380.0,13.0,0.0
17500000,5,2,0,21904.0,16.0,0.0
100000,1,1,1,21904.0,16.0,0.0
19900,2,1,1,0.0,20.0,0.0
2200000,0,1,10,1000.0,14.0,1000.0
40000000,0,0,0,109520.0,16.0,0.0
1800000,0,0,0,300.0,13.0,0.0
6500000,3,1,0,0.0,10.0,0.0
850000,0,0,0,0.0,13.0,0.0
1350000,0,0,0,65712.0,14.0,0.0
12500000,3,1,1,16428.0,13.0,16428.0
14999,2,1,3,21904.0,8.0,0.0
130000004000000,2,1,1,727.28,10.0,727.28
6000000,0,0,0,0.0,13.0,0.0
70000000,7,5,8,82140.0,12.0,32856.0
3800000,0,0,0,0.0,,0.0
1700000,0,0,0,800.0,13.0,0.0
14200000,2,1,4,0.0,20.0,0.0
1300000,0,0,0,600.0,15.0,0.0
1000000,0,0,0,700.0,13.0,0.0
2500000,0,0,0,1540.12,20.0,0.0
2800000,0,0,0,1668.46,13.0,0.0
2500000,0,0,0,0.0,,0.0
1400000,0,0,0,38332.0,23.0,0.0
55000000,0,0,0,8.0,13.0,0.0
216000002700000,0,0,0,2823.56,12.0,2738.0
30000000,0,0,0,32856.0,10.0,0.0
12800000,2,1,2,0.0,12.0,0.0
25000000,0,0,0,0.0,13.0,0.0
12500000,0,0,1,0.0,10.0,0.0
4500000,0,0,0,27380.0,15.0,0.0
23000000,0,0,0,21904.0,12.0,0.0
15000000,0,0,0,10952.0,20.0,0.0
1600000,0,0,0,6203.28,20.0,0.0
25000000,0,0,1,21904.0,13.0,0.0
2300000,0,0,0,27380.0,15.0,0.0
2000000025,9,10,3,1369.0,20.0,941.18
4500000,0,0,0,3272.76,16.0,0.0
39000000,9,4,0,16428.0,,0.0
140000003500000,0,0,0,1369.0,13.0,0.0
1300000,0,0,0,0.0,10.0,0.0
950000,0,0,0,5540.17,32.0,0.0
1650000,0,0,0,0.0,20.0,0.0
20500000,0,0,0,21904.0,10.0,0.0
2100000,0,0,0,0.0,13.0,0.0
2100000,0,0,0,21904.0,13.0,0.0
27500000,10,3,2,1454.56,13.0,0.0
1650000,0,0,0,21904.0,13.0,0.0
22835000,4,3,0,0.0,20.0,1650.0
16500000,9,3,0,16428.0,10.0,0.0
2100000,0,0,0,21904.0,13.0,0.0
1600000,0,0,0,21904.0,12.0,0.0
600000,0,0,0,202612.0,15.0,0.0
32000000,5,4,2,1796.81,13.0,0.0
2500000,0,0,0,27380.0,0.0,0.0
650000,0,0,0,10952.0,0.0,0.0
12000000,0,0,0,109520.0,20.0,0.0
1500000015,0,0,0,120472.0,20.0,0.0
42000000,6,5,5,60236.0,0.0,0.0
50000,3,2,4,0.0,25.0,650.0
66000000,0,0,0,0.0,40.0,0.0
1850000,0,0,0,21904.0,20.0,0.0
600000,0,0,0,0.0,,0.0
1200000,0,0,0,21904.0,20.0,0.0
17000000,4,3,0,0.0,13.0,0.0
3500000,0,0,0,0.0,20.0,0.0
13000000,3,3,0,0.0,13.0,0.0
1500000,0,0,0,0.0,20.0,0.0
700000,10,10,30,76664.0,,0.0
225000,4,4,0,10952.0,13.0,0.0
1100000,0,0,0,600.0,15.0,0.0
19500000,10,0,0,0.0,20.0,0.0
2900000,0,0,0,0.0,10.0,0.0
4500000,0,0,0,3272.76,16.0,0.0
1600000,0,0,0,186184.0,15.0,0.0
1000000,0,0,0,82140.0,12.0,0.0
1100000,0,0,0,76664.0,8.0,0.0
55000000,2,3,0,3400.0,0.0,3400.0
2250000,0,0,0,21904.0,13.0,0.0
22500000,3,4,0,1780.0,20.0,1780.0
30000000,3,3,0,1380.0,,1380.0
20000000,3,3,0,1500.0,0.0,0.0
6500000,0,0,0,27380.0,20.0,0.0
6700000,0,0,0,65712.0,12.0,0.0
1000000,0,0,0,0.0,20.0,0.0
2500000,0,0,0,65712.0,13.0,0.0
2600000,0,0,0,65712.0,26.0,0.0
250000,0,0,0,49284.0,20.0,0.0
2600000,0,0,0,27380.0,13.0,0.0
400000,0,0,0,10952.0,13.0,0.0
600000,0,0,0,21904.0,20.0,0.0
65000000,5,6,0,65712.0,13.0,0.0
28000000,6,4,0,0.0,13.0,0.0
500000,0,0,0,300.0,13.0,0.0
23000000,4,3,0,1925.15,20.0,0.0
35000000,5,4,0,16428.0,20.0,0.0
70000000,5,5,4,54760.0,13.0,3000.0
23500000,3,3,0,0.0,20.0,0.0
80000000,6,7,4,0.0,13.0,5320.0
22500000,7,4,0,0.0,13.0,0.0
60000000,5,5,0,54760.0,20.0,0.0
170000000,5,8,0,10952.0,,6000.0
2500000,0,0,0,200.0,0.0,0.0
22700000,5,2,0,0.0,12.0,0.0
19800000,9,0,0,0.0,12.0,0.0
33500000,7,3,0,32856.0,14.0,0.0
850000,0,0,0,200.0,0.0,0.0
2500000,0,0,0,300.0,0.0,0.0
52500000,0,0,0,27380.0,0.0,0.0
630000,0,0,0,250.0,0.0,0.0
15100000,0,0,0,0.0,0.0,0.0
25000000,6,4,3,0.0,13.0,0.0
17000000,4,4,0,0.0,0.0,0.0
1700000,0,0,0,1200.0,0.0,0.0
3500000,0,0,0,1000.0,0.0,0.0
25500000,5,2,2,1133.7,0.0,0.0
600000,0,0,0,200.0,0.0,0.0
22500000,0,0,0,0.0,0.0,0.0
34500000,10,0,0,0.0,,0.0
2000000,0,0,0,250.0,0.0,0.0
750000,0,0,0,200.0,0.0,0.0
300000,0,0,0,150.0,0.0,0.0
550000,0,0,0,250.0,0.0,0.0
4500000,0,0,0,8042.87,12.0,0.0
2100000,0,0,0,32856.0,22.0,0.0
90,0,0,0,2378.0,42.0,0.0
2500000,0,0,0,3721.96,20.0,0.0
4000000,0,0,0,27380.0,20.0,0.0
143750001250000,0,0,0,0.0,10.0,0.0
450000,0,0,0,150.0,0.0,0.0
1200000,0,0,0,200.0,0.0,0.0
400000,0,0,0,300.0,0.0,0.0
750000,0,0,0,500.0,0.0,0.0
50000,3,2,0,21904.0,0.0,0.0
3500000,0,0,0,500.0,0.0,0.0
1500000,0,0,0,600.0,0.0,0.0
1300000,0,0,0,800.0,0.0,0.0
600000,0,0,0,150.0,0.0,0.0
600000,0,0,0,500.0,0.0,0.0
650000,0,0,0,1000.0,0.0,0.0
1600000,0,0,0,0.0,0.0,0.0
450000,0,0,0,500.0,0.0,0.0
450000,0,0,0,1200.0,0.0,0.0
500000,0,0,0,200.0,0.0,0.0
52500000,5,4,4,82140.0,13.0,0.0
1700000,0,0,0,0.0,20.0,0.0
2100000,0,0,0,16428.0,20.0,0.0
6000000,0,0,0,1500.0,0.0,0.0
5860000,0,0,0,1433.17,,0.0
1500000,0,0,0,0.0,20.0,0.0
9000,0,0,0,500.0,0.0,0.0
60000,2,1,0,1200.0,0.0,0.0
150000,0,0,0,5476.0,0.0,0.0
40000,2,2,0,900.0,0.0,0.0
40000,3,1,0,1200.0,0.0,0.0
3400000,0,0,0,38332.0,20.0,0.0
605000055,0,0,0,0.0,14.0,0.0
20500000,7,5,0,27380.0,14.0,0.0
5700000,0,0,0,1882.37,24.0,0.0
39077000,4,4,1,2909.12,16.0,2300.0
37500000,6,5,0,0.0,13.0,0.0
25000,2,1,0,800.0,13.0,0.0
31000000,8,3,1,21904.0,14.0,0.0
27000000,5,3,0,1155.09,22.0,0.0
22000,2,1,0,32856.0,13.0,0.0
21500000,0,0,0,1540.12,10.0,0.0
25500000,0,0,0,27380.0,10.0,0.0
45000,4,4,0,0.0,,0.0
85000,3,3,1,43808.0,12.0,0.0
300000,4,4,3,13690.0,15.0,0.0
380000,11,4,4,5476.0,12.0,0.0
250000,5,3,4,109520.0,15.0,0.0
60000,4,4,0,5.0,15.0,0.0
140000,5,4,4,5476.0,13.0,0.0
150000,5,3,3,12.0,15.0,0.0
2400000,0,0,0,32856.0,20.0,0.0
40000000,4,2,2,43808.0,20.0,0.0
3300000,0,0,0,54760.0,10.0,0.0
20000000,0,0,0,0.0,12.0,0.0
325000,7,5,5,14.0,13.0,0.0
32500000,0,0,0,2352.96,13.0,0.0
100000,5,2,0,43808.0,15.0,0.0
70000,6,4,0,1197.87,13.0,0.0
45000000,0,0,0,43808.0,20.0,0.0
100000,0,0,0,43808.0,13.0,0.0
21500000,4,3,0,21904.0,,0.0
1200000,0,0,0,60236.0,13.0,0.0
125000,4,3,2,2100.0,13.0,0.0
600000,0,0,0,229992.0,20.0,0.0
150000,3,4,0,43808.0,0.0,0.0
2200000,0,0,0,0.0,20.0,0.0
55000,5,2,0,1197.87,13.0,0.0
3300000,0,0,0,21904.0,20.0,0.0
150000,5,5,0,38332.0,15.0,0.0
1500000,0,0,0,0.0,20.0,0.0
70000000,0,0,5,5476.0,20.0,0.0
200000,5,5,0,1882.37,15.0,0.0
47500000,0,0,4,43808.0,16.0,0.0
3500000,0,0,0,109520.0,13.0,0.0
550000,6,6,10,10952.0,20.0,0.0
150000,5,4,2,71188.0,13.0,0.0
180000,0,0,0,82140.0,15.0,0.0
125000,7,4,0,5476.0,13.0,0.0
350000,8,4,5,5561.56,13.0,0.0
12500000,0,0,0,0.0,,0.0
25000000,3,3,0,1800.0,0.0,0.0
45000000,4,4,0,3700.0,0.0,0.0
45000000,4,4,0,3700.0,0.0,0.0
35000000,3,3,0,2450.0,0.0,0.0
400000,0,0,0,16428.0,20.0,0.0
3700000,0,0,0,114996.0,18.0,0.0
11400000,0,0,0,16428.0,13.0,0.0
11400000,0,0,0,877.01,10.0,0.0
4000000,0,0,0,109520.0,13.0,0.0
1750000,0,0,0,16428.0,32.0,0.0
4800000,0,0,0,43808.0,15.0,0.0
12000000,4,0,0,0.0,12.0,0.0
366666,0,0,0,16428.0,13.0,0.0
180000000,0,0,0,0.0,13.0,0.0
1500000,0,0,0,1304.8200000000002,20.0,0.0
2700000,0,0,0,0.0,12.0,0.0
1050000,0,0,0,76664.0,20.0,0.0
14500000,10,0,4,0.0,10.0,0.0
36500000,3,4,0,21904.0,13.0,0.0
220000,2,3,0,4100.0,0.0,0.0
1300000,0,0,0,21904.0,8.0,0.0
2000000,0,0,0,49284.0,16.0,0.0
1400000,0,0,0,21904.0,10.0,0.0
700000,0,0,0,0.0,15.0,0.0
24000000,7,0,4,21904.0,16.0,0.0
15000000,0,0,0,0.0,20.0,0.0
20400000,11,0,4,21904.0,20.0,0.0
27000000,0,0,0,0.0,20.0,0.0
30000000,0,0,0,21904.0,20.0,0.0
18000000,0,0,0,0.0,20.0,0.0
35000000,0,0,0,38332.0,15.0,0.0
600000,0,0,0,0.0,20.0,0.0
16300000,0,0,0,0.0,20.0,0.0
1150000,0,0,0,0.0,20.0,0.0
6500000,0,0,0,0.0,12.0,0.0
700000,0,0,0,0.0,32.0,0.0
1400000,0,0,0,1689.85,13.0,0.0
35700000,0,0,0,44492.5,12.0,0.0
250000,0,0,0,54760.0,12.0,0.0
1100000,0,0,0,0.0,20.0,0.0
16000000,7,6,4,0.0,14.0,0.0
2700000,0,0,0,21904.0,20.0,0.0
9000000,4,1,0,0.0,10.0,0.0
13000000,2,1,0,21904.0,15.0,0.0
1800000,0,0,0,32856.0,26.0,0.0
900000,0,0,0,0.0,20.0,0.0
1600000,0,0,0,21904.0,26.0,0.0
25000000,0,0,0,27380.0,20.0,0.0
45000,3,4,0,0.0,20.0,1348.0
1800000,0,0,0,0.0,20.0,0.0
19500000,3,3,1,941.18,12.0,0.0
17000000,4,3,4,0.0,13.0,0.0
90000,4,3,0,5476.0,15.0,0.0
350000,5,5,15,10267.5,13.0,164280.0
100000,6,4,8,76664.0,13.0,3014.0
150000,4,4,2,54760.0,14.0,0.0
500000,5,7,2,16428.0,15.0,0.0
38000000,10,0,3,38332.0,10.0,0.0
130000,5,3,0,43808.0,,0.0
300000,8,6,5,16428.0,0.0,0.0
110000,4,4,3,65712.0,12.0,0.0
1500000,4,4,5,13.0,12.0,0.0
25000,0,0,0,21904.0,0.0,0.0
165000,8,2,2,8214.0,13.0,0.0
20000000,1,1,1,1197.87,13.0,1197.87
25000000,3,3,1,1882.37,0.0,0.0
120000,5,3,2,0.0,20.0,0.0
400000,0,0,0,438080.0,15.0,0.0
100000,0,0,0,0.0,20.0,0.0
550000,0,0,0,0.0,20.0,0.0
150000,5,3,2,5476.0,13.0,0.0
150000,7,3,4,11.0,13.0,0.0
1000000,0,0,0,0.0,20.0,0.0
160000,4,6,1,2500.0,15.0,0.0
550000,0,0,0,0.0,13.0,0.0
300000,0,0,0,0.0,20.0,0.0
1300000,0,0,0,0.0,20.0,0.0
260000,0,0,0,27380.0,20.0,0.0
270000,14,6,6,71188.0,20.0,38332.0
25000000,10,4,0,0.0,20.0,0.0
144000,3,4,1,1283.43,15.0,0.0
125000,0,0,0,0.0,20.0,0.0
2200000,0,0,0,0.0,20.0,0.0
1700000,0,0,0,0.0,20.0,0.0
80000,5,4,0,27380.0,13.0,2085.0
125000,0,5,3,1540.12,13.0,0.0
200000,7,5,3,38332.0,13.0,0.0
300000,4,4,5,14716.75,15.0,0.0
125000,21,18,2,2224.62,12.0,0.0
560000,0,0,12,20.0,0.0,0.0
17500000,6,2,1,1197.87,12.0,0.0
4400000,0,0,0,1155.09,12.0,0.0
25000000,4,3,0,21904.0,13.0,0.0
59900000,5,0,4,5476.0,26.0,0.0
29900000,10,0,3,0.0,0.0,13.0
4200000,0,0,0,43808.0,13.0,0.0
55000000,0,0,0,0.0,24.0,0.0
26500000,4,0,0,0.0,13.0,0.0
32500000,8,6,4,1497.34,13.0,0.0
6000000,0,0,0,32856.0,10.0,0.0
4500000,0,0,0,60236.0,26.0,0.0
21500000,7,4,1,1176.48,14.0,0.0
5000000,0,0,0,32856.0,12.0,0.0
5000000,0,0,0,43808.0,12.0,0.0
2800000,0,0,0,0.0,13.0,0.0
38000000,8,4,1,38332.0,15.0,0.0
2500000,0,0,0,65712.0,12.0,0.0
25000000,7,3,1,1625.68,12.0,0.0
3200000,0,0,0,32856.0,10.0,0.0
2400000,0,0,0,82140.0,11.0,0.0
24000000,15,5,0,16428.0,20.0,0.0
3200000,0,0,0,32856.0,14.0,0.0
4200000,0,0,0,38332.0,13.0,0.0
480000,0,0,0,27380.0,15.0,0.0
17000000,8,4,0,1197.87,20.0,0.0
3000000,0,0,0,0.0,15.0,0.0
3250000,0,0,0,21904.0,12.0,0.0
3700000,0,0,0,54760.0,10.0,0.0
26000000,5,3,2,0.0,16.0,0.0
29000000,6,3,0,21904.0,14.0,0.0
13500000,3,2,1,1133.7,12.0,0.0
22800000,6,2,0,21904.0,20.0,0.0
26000000,3,3,0,3.5,12.0,0.0
6000000,0,0,0,0.0,15.0,0.0
27500000,6,4,0,21904.0,12.0,0.0
22500000,4,3,0,0.0,12.0,0.0
400000,4,5,10,16428.0,13.0,0.0
15500000,7,2,0,0.0,13.0,0.0
30000000,5,0,0,0.0,15.0,2900.0
51500000,6,3,0,32856.0,12.0,0.0
15000000,11,0,0,3.1,20.0,0.0
45000000,11,0,0,32856.0,14.0,0.0
33000000,11,0,0,27380.0,15.0,0.0
40000000,12,0,4,38332.0,13.0,0.0
18200000,9,0,3,0.0,13.0,0.0
19200000,5,4,3,4.0,13.0,0.0
17700000,12,0,0,0.0,13.0,0.0
17000000,7,0,0,16428.0,13.0,0.0
29800000,10,0,3,32856.0,13.0,0.0
21000000,9,0,0,0.0,13.0,0.0
34000000,6,3,4,32856.0,13.0,0.0
1450000,0,0,0,21904.0,20.0,0.0
40000000,6,4,4,6.0,14.0,0.0
2150000,0,0,0,21904.0,12.0,0.0
19900000,3,3,0,16428.0,12.0,0.0
16800000,10,0,0,16428.0,13.0,0.0
100000,5,3,4,0.0,12.0,0.0
9000,1,1,1,0.0,,0.0
63000000,9,4,4,4406.46,13.0,0.0
100,0,0,0,0.0,20.0,0.0
12500000,3,2,3,16428.0,10.0,0.0
14200000,5,2,3,1240.65,13.0,0.0
20000000,5,4,3,1048.14,16.0,0.0
19500000,5,3,2,0.0,13.0,0.0
21000000,4,2,2,0.0,18.0,0.0
100000000,5,2,4,0.0,20.0,0.0
22500000,6,4,3,1048.14,10.0,0.0
37000000,5,4,4,21904.0,12.0,0.0
19000000,4,3,4,1326.21,20.0,0.0
45000000,5,5,4,49284.0,12.0,0.0
16500000,6,3,3,21904.0,12.0,0.0
88000000,0,0,0,5347.65,20.0,0.0
29000000,10,6,4,0.0,10.0,0.0
7500000,0,0,0,0.0,20.0,0.0
55000000,0,0,0,38332.0,20.0,0.0
36000000,6,4,3,0.0,13.0,0.0
24000000,10,6,4,0.0,13.0,0.0
12000000,4,1,2,16428.0,13.0,0.0
8500000,0,0,0,2374.35,20.0,0.0
45000000,12,4,5,1411.78,0.0,0.0
15000000,3,3,2,0.0,10.0,0.0
1000000,0,0,0,38332.0,26.0,0.0
500000,0,0,0,165.0,20.0,0.0
20000000,4,2,0,27380.0,13.0,0.0
16000000,4,4,2,1026.75,13.0,0.0
37500000,4,4,4,983.96,12.0,0.0
20000000,0,0,0,0.0,26.0,0.0
31000000,9,9,3,0.0,9.0,0.0
20500000,5,4,3,0.0,16.0,0.0
26000000,4,5,3,1411.78,12.0,0.0
120000,2,2,2,1100.0,16.0,0.0
7500000,2,2,2,800.0,24.0,0.0
100000,2,2,2,1000.0,20.0,0.0
17500000,3,3,2,1582.0,20.0,0.0
5500000,0,0,0,2566.87,,0.0
110000,2,2,2,1100.0,13.0,0.0
25000000,4,3,1,1625.68,13.0,800.0
28500000,3,3,1,1796.8,18.0,0.0
50000,0,0,0,1095200.0,0.0,0.0
40000,0,0,0,985680.0,0.0,0.0
250000,0,0,0,0.0,20.0,10952.0
3000000,0,0,0,400.0,35.0,0.0
2400000,0,0,0,2053.5,16.0,0.0
3500000,0,0,0,1711.25,16.0,0.0
14500000,4,3,1,1775.42,13.0,0.0
27500000,6,4,1,1775.42,13.0,0.0
2600000,0,0,0,1369.0,13.0,0.0
60000,6,2,0,87616.0,18.0,43808.0
120000,3,2,0,1300.0,20.0,0.0
150000,2,2,0,1200.0,15.0,0.0
55000000,2,3,0,3400.0,20.0,0.0
40000,2,1,0,750.0,15.0,0.0
16500000,3,2,0,1350.0,20.0,0.0
30000000,0,3,0,6759.43,32.0,0.0
125000,5,2,5,54760.0,13.0,0.0
250000,5,3,2,71188.0,20.0,21904.0
65000000,5,6,0,65712.0,13.0,0.0
235000000,10,10,0,180708.0,16.0,0.0
4500000,0,0,0,71188.0,20.0,0.0
47500000,10,6,0,1048.14,,0.0
950000,0,0,0,54760.0,24.0,0.0
35000000,10,4,0,0.0,20.0,0.0
2000000,0,0,0,1818.2,14.0,0.0
2500000,0,0,0,1347.6,14.0,0.0
300000,14,5,0,175232.0,13.0,4000.0
60000,0,0,0,98568.0,20.0,0.0
60000,3,3,0,0.0,16.0,1300.0
55000,3,2,0,1300.0,20.0,0.0
20000000,5,3,0,1283.43,20.0,0.0
25000000,3,4,0,3000.0,13.0,0.0
49500000,7,7,0,49284.0,10.0,0.0
300000,0,0,0,62289.5,20.0,0.0
18000000,4,4,0,32856.0,20.0,2045.0
6000000,0,0,0,0.0,20.0,0.0
2650000,0,0,0,43808.0,13.0,0.0
43500000,6,0,0,1219.26,20.0,0.0
35000000,14,4,0,0.0,14.0,0.0
60000000,0,0,0,65712.0,13.0,0.0
4200000,0,0,0,120472.0,20.0,0.0
13000000,4,2,0,0.0,16.0,0.0
2700000,0,0,0,0.0,13.0,0.0
2100000,0,0,0,32856.0,22.0,0.0
38000000,7,4,4,0.0,14.0,0.0
3700000,0,0,0,1112.3,16.0,0.0
2800000,0,0,0,0.0,20.0,0.0
70000000,3,4,4,4192.5,20.0,0.0
251000000,0,0,0,0.0,16.0,0.0
41500000,8,7,0,2823.55,14.0,3300.0
22500000,12,4,0,21904.0,20.0,2610.0
5500000,0,0,0,2395.75,20.0,0.0
40100000,5,2,0,1689.85,14.0,0.0
1800000,0,0,0,5133.75,16.0,0.0
975000,0,0,0,12000.0,20.0,0.0
65000000,23,16,4,0.0,12.0,0.0
13000000,0,0,0,4192.55,17.0,0.0
13500000,0,0,0,6074.93,20.0,0.0
13000000,0,0,0,27380.0,20.0,0.0
150000,4,3,3,5476.0,13.0,0.0
2500000,0,0,0,2053.5,12.0,0.0
16500000,5,3,1,1026.75,10.0,650.0
2700000,0,0,0,20535.0,12.0,0.0
4800000,0,0,0,4192.55,12.0,0.0
1850000,0,0,0,109520.0,15.0,0.0
6800000,0,0,0,2053.5,15.0,0.0
95000,2,2,0,1000.0,20.0,0.0
1750000,0,0,0,43808.0,20.0,0.0
55000000,0,0,0,1796.8,20.0,0.0
6000000,0,0,0,1369.0,12.0,0.0
270000,0,0,0,2000.0,20.0,0.0
1600000,0,0,0,10952.0,15.0,0.0
2100000,0,0,0,5476.0,15.0,0.0
2600000,0,0,0,1369.0,20.0,0.0
3200000,0,0,0,10952.0,0.0,0.0
2500000,0,0,0,1711.25,12.0,0.0
26000000,4,3,0,2139.05,15.0,0.0
5100000,0,0,0,1197.87,13.0,0.0
400000,0,0,0,131424.0,20.0,0.0
160000,4,3,1,109520.0,15.0,0.0
33000000,8,7,2,0.0,10.0,3400.0
45000,4,3,1,21904.0,0.0,0.0
250000,4,3,1,131424.0,20.0,0.0
525000,5,5,1,3000.0,16.0,0.0
55000,0,2,1,2000.0,15.0,0.0
350000,0,0,0,8214.0,20.0,0.0
55000000,4,4,2,2566.87,13.0,0.0
350000,14,4,10,191660.0,20.0,0.0
3500000,0,0,0,2900.0,20.0,0.0
5500000,0,0,0,3764.75,13.0,0.0
4500000,0,0,0,2395.75,13.0,0.0
100000,6,3,2,2566.87,20.0,1900.0
600000000,0,0,0,18139.25,25.0,0.0
62000000,0,0,0,22930.75,25.0,0.0
14000000,0,0,0,219040.0,20.0,0.0
240000000,0,0,0,7529.5,,0.0
10000000,0,0,0,0.0,25.0,0.0
110000000,0,13,12,3764.75,23.0,11000.0
350000000,0,0,0,10267.5,,0.0
4550000,0,0,0,301180.0,,0.0
1000001,0,0,0,2000.0,,0.0
15000000,0,0,0,3080.25,,0.0
2800000,0,0,0,43808.0,24.0,2890.0
5800000,0,0,0,295704.0,32.0,0.0
100000,7,3,2,43808.0,15.0,0.0
15500,2,1,0,300.0,11.0,0.0
1500000,0,0,0,27380.0,15.0,0.0
75000,5,5,3,49284.0,13.0,0.0
1600000,0,0,0,1197.87,13.0,0.0
875000,0,0,0,21904.0,13.0,0.0
12500000,2,1,1,683.0,20.0,0.0
2000000,0,0,0,1582.9,10.0,0.0
2200000,0,0,0,38332.0,18.0,0.0
4500000,0,0,0,1540.12,,0.0
110000000,4,6,5,0.0,20.0,0.0
62500000,5,4,4,5133.75,13.0,4000.0
5200000,0,0,0,4449.25,18.0,0.0
1550000,0,0,0,7529.5,22.0,120472.0
13000000,3,2,1,65712.0,28.0,1350.0
13000000,3,2,1,65712.0,28.0,1350.0
35000000,6,3,2,2566.87,18.0,0.0
36500000,4,5,4,4021.43,18.0,2698.0
26000000,5,5,2,1711.25,15.0,0.0
11000000,4,1,1,1197.87,15.0,0.0
19000000,8,2,1,1369.0,15.0,0.0
25000000,5,5,2,1711.25,15.0,0.0
20000000,12,4,2,1711.25,15.0,0.0
15000000,0,0,0,1369.0,0.0,0.0
29000000,7,5,2,27380.0,12.0,0.0
2200000,0,0,0,1625.68,13.0,0.0
1850000,0,0,0,2053.5,0.0,0.0
3500000,0,0,0,1711.25,13.0,0.0
6000000,0,0,0,2823.56,16.0,0.0
29000000,3,2,1,1454.56,15.0,4873640.0
3800000,0,0,0,1711.25,13.0,0.0
5500000,0,0,0,1711.25,0.0,0.0
5500000,0,0,0,2053.5,0.0,0.0
5500000,0,0,0,21904.0,0.0,0.0
5500000,0,0,0,43808.0,20.0,0.0
25000000,6,3,2,0.0,10.0,1369.0
40000000,6,4,3,4107.0,10.0,2053.5
350000,0,0,0,5476.0,16.0,0.0
4500000,0,0,0,2224.62,20.0,0.0
17000000,0,0,0,0.0,20.0,0.0
700000,0,0,0,1839.59,13.0,0.0
30000000,5,4,3,2053.5,18.0,0.0
80000000,5,6,3,65712.0,0.0,0.0
900000,0,0,0,0.0,20.0,0.0
600000,0,0,0,0.0,20.0,0.0
25000000,0,0,0,76664.0,14.0,0.0
1000000,0,0,0,0.0,20.0,0.0
900000,0,0,0,0.0,20.0,0.0
18000000,4,2,2,1197.87,13.0,0.0
23000000,7,3,2,1925.15,16.0,0.0
35000000,0,0,0,3764.75,20.0,0.0
35000000,11,6,2,2395.75,20.0,0.0
45000000,6,4,0,1369.0,30.0,5472.0
29500000,4,3,2,0.0,20.0,0.0
21000000,10,5,2,1540.12,16.0,0.0
28000000,12,5,1,1540.12,13.0,0.0
200000,4,5,2,3600.0,0.0,3600.0
170000000,0,0,0,2395.75,30.0,2000.0
3600000,0,0,0,11294.25,20.0,0.0
11700000,0,0,0,1133.7,12.0,0.0
4000000,0,0,0,2053.5,20.0,0.0
4000000,0,0,0,1582.9,20.0,0.0
11000000,3,2,1,1336.0,20.0,0.0
2500000,0,0,0,1582.9,,0.0
32500000,0,0,0,16428.0,25.0,0.0
140000000,5,4,7,12321.0,20.0,0.0
105000000,4,5,7,10952.0,20.0,4080.12
59000000,5,2,7,18139.25,12.0,0.0
6500000,4,3,5,164280.0,30.0,0.0
2700000,0,0,0,38503.12,12.0,0.0
500000,5,5,5,5476.0,16.0,0.0
12000000,4,2,1,0.0,13.0,0.0
27000000,5,3,1,43808.0,12.0,0.0
300000,9,3,4,279276.0,13.0,0.0
72500000,5,2,5,71188.0,12.0,71188.0
