Bedroom,Bathroom,Parking,Area,Road Width,Build Area,Log_Price
6,3,10,5476.0,20.0,98568.0,18.31532023940565
5,3,9,7187.25,20.0,4791.5,18.197537205138154
5,3,12,5818.25,20.0,55102.25,18.064005814299346
6,4,9,3508.06,20.0,2481.31,18.683045016112164
6,3,10,6673.87,20.0,4962.62,18.420680753952364
5,6,9,4385.070000000001,13.0,3016.0699999999997,18.420680753952364
3,4,1,16855.81,11.0,0.0,16.213405921671733
5,4,9,3165.8,20.0,2481.3,17.72753358339242
10,8,5,4406.46,20.0,3379.71,18.420680753952364
6,4,1,1369.0,12.0,13109544.0,17.296750678069195
4,5,3,76664.0,15.0,38332.0,17.281246492014
5,4,1,1540.12,14.0,13690000.0,17.50188690692275
2,2,1,27380.0,12.0,0.0,16.52356082573315
5,5,3,43808.0,20.0,0.0,17.77632374660947
6,6,1,21904.0,13.0,0.0,17.0926553286923
6,6,1,21904.0,13.0,2700.0,17.05418904934434
6,4,1,2053.5,20.0,0.0,17.312018149733785
4,4,3,32856.0,13.0,0.0,16.733281344102608
7,4,3,54760.0,0.0,0.0,17.9426449591384
0,0,0,1369.0,10.0,0.0,16.166885910365842
7,3,1,1197.87,10.0,2100.0,16.835935492889124
0,0,0,1197.87,20.0,0.0,16.906553056777135
95,40,7,114996.0,20.0,0.0,18.7922443072814
5,6,4,104044.0,20.0,0.0,17.822843761378564
4,4,1,1369.0,13.0,2100.0,16.993564429978885
6,6,3,0.0,32.0,0.0,17.426428497635523
6,6,4,104044.0,13.0,0.0,18.445373366298835
7,4,2,1540.12,13.0,14785200.0,16.906553056777135
6,6,2,0.0,16.0,0.0,17.8845373292961
4,3,1,1026.75,13.0,0.0,16.733281344102608
4,3,1,1197.87,13.0,0.0,16.860033043306743
5,3,1,16599.12,13.0,16599.12,16.677711496036597
5,6,3,54760.0,15.0,0.0,18.683045016112164
8,8,4,114996.0,15.0,0.0,18.46947091764561
5,5,4,21904.0,15.0,0.0,18.46947091764561
6,5,1,0.0,16.0,0.0,17.129696599000436
7,7,2,38332.0,15.0,0.0,17.50439003707821
6,6,2,27380.0,14.0,0.0,17.0926553286923
0,2,2,2500.0,20.0,0.0,3.9318256327243257
6,6,1,0.0,18.0,0.0,16.929025911619092
6,6,4,60236.0,15.0,0.0,17.909855136853043
6,5,10,164280.0,15.0,0.0,19.33697147982652
9,6,3,49284.0,13.0,0.0,17.50439003707821
6,5,1,0.0,15.0,0.0,17.216707972959764
6,6,4,65712.0,14.0,0.0,17.989897843244528
5,6,2,27380.0,13.0,0.0,17.312018149733785
5,5,1,21904.0,13.0,0.0,17.233237274364523
2,2,1,0.0,13.0,0.0,16.454567959008102
6,6,1,21904.0,13.0,0.0,17.147715103853763
10,5,3,21904.0,26.0,0.0,17.529082649058825
6,6,2,0.0,14.0,0.0,17.11134746100564
5,5,1,0.0,13.0,0.0,16.906553056777135
5,5,3,43808.0,15.0,0.0,17.426428497635523
4,3,1,2310.18,13.0,0.0,17.6441519761925
5,3,1,21904.0,13.0,21904.0,16.929025911619092
3,3,2,0.0,20.0,2200.0,17.182806422433504
3,4,1,1026.75,,2000.0,17.249497794707484
0,0,0,1818.2,29.0,0.0,17.565014657424058
5,5,2,27380.0,0.0,16428.0,17.439851517607305
2,1,1,0.0,0.0,0.0,16.380459992348886
4,3,4,21904.0,20.0,0.0,18.46947091764561
4,5,4,3401.1,13.0,4000.0,18.197537205138154
3,4,2,1540.12,13.0,0.0,17.034386422832473
4,4,4,38332.0,20.0,2200.0,17.296750678069195
5,3,1,0.0,12.0,0.0,16.860033043306743
3,4,1,0.0,,0.0,16.588099342704055
0,0,0,10609.75,20.0,0.0,18.603002309079653
4,2,1,32856.0,16.0,21904.0,15.856731016694035
7,3,2,1475.95,10.0,0.0,16.811242881518265
7,4,1,1026.75,20.0,19166000.0,16.759949589762293
0,4,2,1369.0,18.0,0.0,17.32705602664604
0,0,0,1754.03,13.0,0.0,17.426428497635523
0,0,0,2566.87,20.0,0.0,17.399029524198163
8,4,5,0.0,12.0,1369.0,17.50439003707821
2,1,1,1026.75,20.0,0.0,16.341239282272525
5,3,1,1112.31,20.0,1900.0,16.785925074816024
5,3,1,1197.87,20.0,2100.0,16.906553056777135
4,3,1,1369.0,20.0,2500.0,16.88356353960952
4,3,1,1197.87,20.0,4107000.0,16.785925074816024
4,3,1,1026.75,13.0,650.0,16.759949589762293
4,3,1,1026.75,13.0,650.0,16.705882371415992
8,5,2,1860.98,12.0,990.0,17.426428497635523
6,3,1,1369.0,12.0,950.0,17.341871111992198
2,1,1,0.0,32.0,0.0,13.592368256649284
0,3,1,0.0,12.0,0.0,16.860033043306743
8,4,1,1411.78,16.0,1197.87,17.073607134447293
5,3,1,2224.62,10.0,0.0,16.906553056777135
7,3,1,1369.0,10.0,0.0,16.951004817371683
8,4,0,0.0,13.0,0.0,17.034386422832473
5,2,1,1240.65,13.0,0.0,16.5563506464056
6,4,1,0.0,10.0,0.0,16.97251102166758
0,0,0,2139.06,12.0,0.0,17.867295523158884
5,5,3,3422.5,20.0,0.0,18.31532023940565
4,3,1,1369.0,10.0,1650.0,16.648723960844016
2,1,1,1112.31,13.0,0.0,16.341239282272525
0,0,0,0.0,20.0,0.0,14.557448378884015
4,4,4,60236.0,22.0,0.0,17.622173069956816
2,1,1,1026.75,13.0,0.0,16.341239282272525
4,3,2,1197.87,13.0,1195.0,16.759949589762293
0,0,0,3422.5,20.0,0.0,17.281246492014
2,1,2,1369.0,20.0,0.0,16.5563506464056
0,0,0,65712.0,16.0,0.0,14.914123179965662
0,0,0,6160.5,40.0,0.0,15.687312888712007
0,0,0,27380.0,13.0,0.0,14.669926311652166
0,0,0,1369.0,13.0,0.0,15.226497775576945
0,0,0,0.0,16.0,0.0,11.51293546492023
0,0,0,54760.0,20.0,54760.0,12.206077645517674
0,0,0,0.0,12.0,0.0,15.068273812173887
2,1,0,21904.0,11.0,21904.0,10.308985993422082
0,0,0,98568.0,20.0,0.0,14.845130332288226
0,0,0,98568.0,30.0,0.0,15.068273812173887
0,0,0,2395.75,58.0,0.0,14.220976332738882
0,0,0,0.0,20.0,0.0,14.038654909278163
0,0,0,1369.0,10.0,0.0,13.910821646859095
0,0,0,1882.37,13.0,0.0,15.955576839107596
0,0,0,1369.0,10.0,0.0,14.862829903121964
0,0,0,1711.25,20.0,0.0,14.187074804051692
0,0,0,224516.0,15.0,0.0,14.77102238760702
0,0,0,5476.0,30.0,0.0,15.150511887854474
0,0,0,54760.0,30.0,0.0,15.068273812173887
0,0,0,16428.0,26.0,0.0,13.815511557963774
0,0,0,0.0,32.0,0.0,15.068273812173887
0,0,0,43808.0,15.0,0.0,15.250595321348806
0,0,0,43808.0,35.0,0.0,15.607270193858982
2,1,1,0.0,18.0,6023600.0,9.90353755128617
0,0,0,2053.5,0.0,0.0,14.557448378884015
2,2,0,1000.0,10.0,0.0,10.373522431293592
0,0,0,0.0,,0.0,15.068273812173887
7,7,3,49284.0,13.0,0.0,11.225256725762893
1,1,1,54760.0,0.0,0.0,10.308985993422082
0,0,0,0.0,16.0,0.0,15.955576839107596
0,0,0,1711.25,16.0,0.0,14.711598990684092
0,0,0,87616.0,14.0,0.0,15.555976908243359
0,1,0,310.0,0.0,0.0,9.90353755128617
0,0,0,0.0,25.0,0.0,15.76142084987672
0,1,0,320.0,0.0,0.0,11.082157933374816
0,0,0,49284.0,15.0,0.0,14.731801689838349
0,0,2,49284.0,72.0,27380.0,10.463131911491967
0,0,0,21904.0,15.0,0.0,15.201805169084134
6,7,6,114996.0,16.0,0.0,12.429220196836383
0,0,0,21904.0,15.0,0.0,15.555976908243359
0,0,0,27380.0,13.0,0.0,14.914123179965662
0,2,5,850.0,,850.0,11.002116507732017
0,0,0,4107.0,0.0,0.0,15.520258832020865
0,0,0,2395.75,,0.0,15.76142084987672
2,2,1,1085.0,13.0,0.0,10.12667110305036
0,0,4,500.0,26.0,0.0,10.308985993422082
1,1,1,0.0,14.0,0.0,9.798182590890704
0,0,0,3679.18,10.0,0.0,13.217675375388819
0,0,0,1400.0,0.0,0.0,11.652696102959753
0,0,0,1400.0,20.0,0.0,17.370858648025116
0,0,0,8556.25,22.0,0.0,14.45736497045232
5,4,11,27380.0,0.0,0.0,13.304686600863562
0,0,0,27380.0,0.0,27380.0,14.914123179965662
0,0,0,0.0,30.0,0.0,19.00846741441004
3,3,1,1583.0,20.0,1583.0,16.951004817371683
3,2,1,1514.0,0.0,1280.0,11.289794413577894
0,0,0,0.0,25.0,0.0,13.45883704259595
2,2,2,32856.0,10.0,4.0,10.463131911491967
0,1,1,900.0,12.0,0.0,12.577639650232573
3,4,2,1711.25,0.0,0.0,11.918397239722838
0,0,0,3336.93,32.0,0.0,16.213405921671733
0,0,0,5476.0,10.0,0.0,10.915106645867503
0,0,0,5476.0,12.0,0.0,10.915106645867503
0,0,0,3422.5,40.0,0.0,16.213405921671733
0,0,0,65712.0,,21904.0,9.90353755128617
1,1,1,6084444444443836.0,0.0,0.0,9.90353755128617
0,0,0,1369.0,,0.0,15.068273812173887
3,2,1,1200.0,40.0,1200.0,16.61887099947687
4,3,2,21904.0,0.0,0.0,11.002116507732017
4,3,2,21904.0,0.0,0.0,11.156264806643742
5,4,4,54760.0,0.0,0.0,11.695255355062795
0,0,0,8898.5,35.0,0.0,16.118095750958314
0,0,0,5476.0,14.0,0.0,15.068273812173887
0,0,0,1369.0,16.0,0.0,14.690979711984754
0,0,0,3914.48,13.0,0.0,14.603968372873895
0,0,0,0.0,0.0,0.0,12.524530013005734
0,0,0,2652.43,13.0,0.0,14.914123179965662
0,0,1,2053.5,25.0,1350.0,11.156264806643742
0,0,0,5476.0,16.0,0.0,15.068273812173887
0,0,0,5476.0,0.0,0.0,13.541075028051122
0,0,0,855.62,26.0,0.0,15.76142084987672
0,0,0,3935.87,14.0,0.0,14.731801689838349
0,0,0,2738.0,32.0,0.0,15.607270193858982
0,3,1,1026.75,16.0,0.0,17.01418371633128
0,0,0,5818.25,13.0,0.0,14.862829903121964
0,0,0,3935.87,14.0,0.0,14.731801689838349
0,0,0,8214.0,20.0,0.0,10.596659732783579
3,2,3,0.0,14.0,0.0,10.308985993422082
0,0,0,10952.0,14.0,0.0,14.77102238760702
5,3,1,1026.75,14.0,877.01,16.648723960844016
2,1,1,0.0,13.0,27380.0,9.61587214452889
0,0,0,1796.81,12.0,0.0,14.862829903121964
0,0,0,16428.0,20.0,0.0,15.201805169084134
0,0,0,0.0,20.0,0.0,12.429220196836383
0,0,1,4663.15,20.0,0.0,16.52356082573315
0,0,0,0.0,16.0,0.0,12.367345048436391
4,3,1,1500.0,22.0,0.0,10.596659732783579
0,0,0,6160.5,36.0,0.0,15.520258832020865
6,4,2,54760.0,0.0,0.0,12.206077645517674
0,0,0,2481.31,11.0,0.0,13.955273369904273
6,2,2,5903.81,14.0,5818.25,10.308985993422082
3,2,1,54760.0,0.0,0.0,10.596659732783579
5,4,4,136900.0,0.0,0.0,12.206077645517674
0,0,0,49284.0,14.0,0.0,12.611541086966115
0,0,0,4449.25,,0.0,15.250595321348806
0,0,0,1500.0,0.0,0.0,15.068273812173887
2,1,0,683.0,30.0,0.0,16.29204904211537
6,6,1,1882.37,20.0,0.0,17.1654146803266
0,0,1,1197.87,13.0,0.0,16.88356353960952
2,1,0,0.0,0.0,0.0,9.90353755128617
0,0,0,21904.0,13.0,0.0,14.914123179965662
3,1,1,1711.25,16.0,0.0,16.341239282272525
11,0,1,0.0,20.0,0.0,17.296750678069195
5,3,1,1369.0,10.0,0.0,16.906553056777135
3,4,1,21904.0,15.0,21904.0,16.213405921671733
0,2,1,0.0,20.0,0.0,16.648723960844016
0,0,0,1454.56,13.0,0.0,14.914123179965662
2,1,2,941.18,13.0,646.0,16.213405921671733
0,0,0,27380.0,10.0,0.0,13.710151153416941
0,0,0,2738.0,45.0,0.0,16.52356082573315
4,2,1,1026.75,13.0,4107000.0,16.380459992348886
28,0,0,1818.2,29.0,1796.81,17.565014657424058
0,0,0,76664.0,20.0,76664.0,14.077875591662238
0,0,0,1625.68,12.0,0.0,14.403297778421795
8,5,7,65712.0,0.0,0.0,12.611541086966115
0,0,0,2481.31,0.0,0.0,16.166885910365842
3,3,2,27380.0,20.0,1500.0,17.72753358339242
4,2,1,21904.0,13.0,21904.0,16.166885910365842
6,5,2,27380.0,14.0,3922.08,17.216707972959764
4,4,1,0.0,12.0,0.0,17.265498135541893
3,3,1,1090.92,18.0,0.0,16.705882371415992
0,0,0,0.0,20.0,0.0,17.72753358339242
4,5,1,43808.0,20.0,0.0,17.867295523158884
0,3,1,684.5,25.0,0.0,17.216707972959764
3,3,3,60236.0,20.0,5000.0,11.51293546492023
0,0,0,1369.0,18.0,0.0,16.5563506464056
0,0,0,3251.37,20.0,0.0,15.830413711839864
0,0,3,3251.37,15.0,0.0,17.909855136853043
0,0,0,1625.68,20.0,0.0,13.997832948091215
0,0,0,1711.25,12.0,3600.0,14.80876270134486
7,3,2,1240.65,12.0,3600.0,17.370858648025116
0,0,0,3080.25,16.0,0.0,15.096444681204078
6,4,2,0.0,20.0,0.0,17.034386422832473
0,0,0,1197.87,13.0,1197.87,16.5563506464056
0,0,0,4449.25,40.0,0.0,16.066802461833923
0,0,0,3080.25,12.0,0.0,18.132998684833918
0,0,0,4449.25,25.0,0.0,15.068273812173887
0,0,0,13690.0,15.0,0.0,15.830413711839864
0,0,0,3422.5,16.0,0.0,18.132998684833918
0,0,0,2738.0,16.0,0.0,15.319588176962746
0,0,0,3080.25,16.0,0.0,15.123843647884687
0,0,3,2053.5,18.0,0.0,17.491811255187805
0,2,0,1600.0,0.0,0.0,11.156264806643742
1,1,4,375.0,20.0,0.0,9.798182590890704
0,0,0,3422.5,16.0,0.0,15.424948670398354
5,6,2,21904.0,20.0,0.0,17.426428497635523
0,0,0,800.0,0.0,0.0,10.596659732783579
0,0,1,1369.0,10.0,4100.0,17.05810294851229
4,4,1,27380.0,0.0,0.0,11.264476926102367
0,0,0,0.0,30.0,0.0,14.285514812209815
5,4,2,2139.05,20.0,0.0,17.41282284594998
5,0,0,6502.75,20.0,0.0,18.445373366298835
0,0,0,0.0,0.0,0.0,13.710150042306449
5,3,1,1112.31,14.0,0.0,16.929025911619092
5,3,2,1026.75,15.0,0.0,16.97251102166758
4,3,1,1090.92,15.0,0.0,16.929025911619092
5,4,1,1369.0,15.0,0.0,17.296750678069195
5,0,4,4107.0,15.0,0.0,17.565014657424058
10,3,0,21904.0,3.0,0.0,16.213405921671733
5,3,1,1711.25,12.0,0.0,17.565014657424058
5,4,2,2053.5,18.0,0.0,17.370858648025116
0,0,0,1711.25,20.0,0.0,14.603968372873895
0,0,0,1711.25,16.0,0.0,14.690979711984754
0,0,0,27380.0,12.0,0.0,14.690979711984754
0,0,0,0.0,13.0,0.0,15.607270193858982
0,0,0,71188.0,13.0,0.0,14.80876270134486
0,0,0,32856.0,20.0,0.0,14.648420115681892
5,5,1,21904.0,20.0,0.0,17.426428497635523
6,6,3,32856.0,20.0,0.0,17.622173069956816
0,0,0,0.0,6.0,0.0,13.217675375388819
2,1,2,60236.0,0.0,0.0,17.479072229734946
5,3,1,0.0,12.0,0.0,16.648723960844016
5,4,2,60236.0,0.0,0.0,11.51293546492023
3,3,1,0.0,0.0,0.0,11.225256725762893
6,3,1,1026.75,10.0,0.0,16.61887099947687
4,4,1,1283.43,13.0,2300.0,16.835935492889124
7,6,3,0.0,13.0,0.0,17.034386422832473
0,0,0,16428.0,16.0,0.0,16.341239282272525
4,5,1,21904.0,20.0,12047200.0,16.860033043306743
0,4,1,900.0,,6571200.0,11.002116507732017
0,0,0,4278.12,,4278.12,15.068273812173887
0,0,0,88985.0,300.0,88985.0,13.304686600863562
0,0,0,288473.96,500.0,288473.96,12.948012371209098
0,0,0,19936.06,,19936.06,14.508658238524095
2,1,1,7529.5,10.0,0.0,10.819798284210286
0,0,6,5476.0,14.0,0.0,12.07254696717504
6,5,8,5476.0,20.0,0.0,11.982935344196433
0,0,0,1369.0,12.0,0.0,14.731801689838349
0,0,0,11465.37,,11465.37,15.607270193858982
6,3,2,0.0,13.0,0.0,16.705882371415992
4,4,1,1882.37,20.0,2380.0,17.376556668977415
3,2,1,54760.0,0.0,43808.0,10.463131911491967
4,4,1,2053.5,20.0,2380.0,17.429127554531842
4,5,4,1711.25,14.0,0.0,17.822843761378564
4,4,1,1796.81,20.0,2380.0,17.356469910987094
0,0,0,120472.0,28.0,0.0,14.316286451937186
5,6,3,32856.0,13.0,0.0,17.622173069956816
6,5,1,0.0,14.0,0.0,16.929025911619092
3,2,1,43808.0,10.0,32856.0,10.308985993422082
4,2,1,0.0,,0.0,13.45883704259595
2,2,2,6.0,10.0,4.0,10.463131911491967
2,2,2,6.0,10.0,4.0,10.463131911491967
0,0,0,1497.34,0.0,0.0,13.45883704259595
6,5,1,16428.0,13.0,0.0,16.97251102166758
6,6,4,104044.0,13.0,0.0,18.445373366298835
4,4,1,1454.56,40.0,11318892.0,17.154832571369333
0,1,0,620.0,14.0,530.0,10.596659732783579
2,1,2,17112.5,10.0,0.0,16.380459992348886
5,5,1,21904.0,13.0,0.0,17.296750678069195
11,9,1,1711.25,13.0,3200.0,17.073607134447293
7,8,1,27380.0,13.0,0.0,16.993564429978885
3,4,1,855.62,12.0,0.0,16.68907525404123
1,1,2,0.0,10.0,21904.0,14.603968372873895
5,5,1,16428.0,14.0,0.0,16.636889503897294
6,6,2,0.0,30.0,0.0,17.341871111992198
5,5,1,0.0,14.0,0.0,16.929025911619092
5,4,2,4962.62,14.0,15606600.0,12.206077645517674
3,1,4,550.0,20.0,550.0,10.12667110305036
2,1,0,114996.0,14.0,0.0,9.741027444837728
5,6,4,65712.0,14.0,0.0,17.565014657424058
6,7,10,438080.0,24.0,0.0,13.579789490265188
7,3,1,1711.25,10.0,0.0,17.529082649058825
0,0,0,0.0,0.0,0.0,14.077875591662238
3,3,2,0.0,4.0,0.0,16.52356082573315
8,6,1,2481.31,12.0,1026.75,17.439851517607305
5,3,1,1026.75,13.0,2000.0,16.588099342704055
2,1,0,27380.0,0.0,0.0,10.915106645867503
4,3,2,10952.0,0.0,0.0,11.225256725762893
22,4,3,54760.0,0.0,0.0,13.122365377402328
0,0,0,0.0,,0.0,13.122365377402328
4,4,2,0.0,0.0,0.0,16.52356082573315
6,4,3,1369.0,20.0,0.0,16.88356353960952
0,0,0,0.0,0.0,0.0,13.017005083966255
0,0,0,16428.0,0.0,0.0,16.97251102166758
5,5,1,2053.5,13.0,0.0,17.909855136853043
0,0,1,2310.18,13.0,0.0,15.250595321348806
0,0,1,3080.25,13.0,0.0,15.250595321348806
0,0,0,1860.98,20.0,0.0,15.319588176962746
0,0,0,3080.25,13.0,0.0,15.250595321348806
0,0,1,1219.26,26.0,0.0,15.607270193858982
0,0,0,5476.0,,0.0,15.894952224644102
1,0,0,650.0,,350.0,14.648420115681892
0,0,0,8898.5,20.0,0.0,15.250595321348806
0,0,0,0.0,20.0,0.0,11.775297421715827
0,0,0,21904.0,0.0,0.0,13.527829818844937
4,4,1,16428.0,0.0,0.0,17.216707972959764
6,6,6,114996.0,15.0,0.0,18.20995972498239
5,5,6,65712.0,22.0,0.0,17.822843761378564
6,2,1,1026.75,23.0,855.62,16.380459992348886
4,0,1,125948.0,10.0,0.0,12.518175342367375
4,3,1,16428.0,0.0,0.0,17.216707972959764
0,3,2,38332.0,16.0,2100.0,12.323860125621126
0,0,0,0.0,0.0,0.0,12.834683971615659
5,4,1,0.0,15.0,1969.43,16.677711496036597
0,0,0,0.0,13.0,0.0,14.187074804051692
6,5,1,4107.0,12.0,0.0,17.989897843244528
3,1,1,16428.0,13.0,11368176.0,16.066802461833923
6,3,1,2181.84,10.0,3000.0,16.012735246411598
0,0,0,76664.0,20.0,0.0,14.88022163978423
16,10,2,3080.25,8.0,2395.75,18.197537205138154
3,3,1,16428.0,0.0,0.0,16.811242881518265
0,0,0,0.0,,0.0,14.285514812209815
0,0,0,0.0,20.0,0.0,14.220976332738882
0,0,0,2395.75,12.0,555.0,9.305741456739435
0,0,0,87616.0,18.0,87616.0,15.226497775576945
7,3,1,1369.0,10.0,1369.0,17.249497794707484
0,0,0,1100.0,0.0,0.0,13.112315061750808
0,2,4,0.0,50.0,1400.0,13.710151153416941
5,4,2,65712.0,0.0,0.0,12.206077645517674
2,1,1,1200.0,12.0,0.0,9.61587214452889
0,1,1,7016.12,14.0,550.0,9.90353755128617
3,3,1,256.68,13.0,256.68,16.677711496036597
5,3,1,1026.75,20.0,1798.0,16.785925074816024
5,0,6,500.0,20.0,200.0,11.002116507732017
0,0,5,200.0,20.0,500.0,9.305741456739435
3,4,2,38332.0,0.0,0.0,11.002116507732017
0,0,0,21904.0,20.0,0.0,15.068273812173887
5,4,1,2738.0,20.0,0.0,17.989897843244528
6,6,4,6845.0,18.0,0.0,18.826145858727198
0,0,0,3422.5,16.0,0.0,15.068273812173887
5,7,20,32856.0,18.0,0.0,19.33697147982652
0,0,0,2738.0,15.0,0.0,15.068273812173887
6,6,2,2053.5,16.0,0.0,17.426428497635523
4,3,1,1026.75,15.0,0.0,16.759949589762293
6,5,3,4107.0,16.0,0.0,18.46947091764561
0,0,0,3422.5,25.0,0.0,15.319588176962746
0,0,0,2053.5,16.0,0.0,15.039286283703994
5,5,3,3764.75,0.0,1026.75,12.54254845357358
5,6,3,43808.0,22.0,0.0,17.989897843244528
2,2,1,1000.0,0.0,0.0,10.12667110305036
5,3,1,1112.31,20.0,10952000.0,16.785925074816024
43,20,0,10952.0,0.0,0.0,14.403297778421795
8,5,1,1369.0,14.0,1369.0,16.993564429978885
31,31,6,0.0,0.0,0.0,13.592368256649284
2,2,1,0.0,,0.0,9.472781556562168
4,4,2,27380.0,0.0,0.0,12.206077645517674
4,2,1,0.0,12.0,0.0,11.461642696843066
0,0,0,27380.0,0.0,0.0,13.304686600863562
0,0,0,0.0,20.0,0.0,14.508658238524095
3,4,3,1625.68,30.0,2500.0,17.370858648025116
17,19,4,32856.0,0.0,0.0,12.429220196836383
4,3,2,16428.0,0.0,0.0,11.002116507732017
5,2,1,0.0,15.0,0.0,16.811242881518265
6,4,1,1369.0,13.0,0.0,16.97251102166758
4,4,1,1347.6,18.0,1704.0,16.993564429978885
0,0,0,0.0,18.0,1711.25,13.45883704259595
4,3,1,1833.0,0.0,0.0,11.289794413577894
2,1,0,32856.0,7.0,12047200.0,9.680406499268875
4,4,2,3208.59,,0.0,17.50439003707821
1,1,1,93092.0,20.0,800.0,9.798182590890704
0,0,0,0.0,21.0,0.0,14.914123179965662
2,2,1,76664.0,0.0,0.0,10.12667110305036
4,3,2,1754.03,28.0,0.0,17.50439001207821
0,0,0,0.0,14.0,0.0,14.508658238524095
2,2,1,27380.0,0.0,0.0,11.002116507732017
3,3,2,32856.0,0.0,0.0,11.082157933374816
7,3,1,2652.43,13.0,0.0,17.588271519047417
1,1,0,16428.0,0.0,0.0,9.210440366976517
4,2,1,16428.0,0.0,0.0,10.12667110305036
1,1,0,16428.0,0.0,0.0,9.90353755128617
4,4,1,21904.0,0.0,0.0,11.51293546492023
5,4,12,10952.0,13.0,3000.0,12.506180941677357
0,0,0,4920.0,32.0,0.0,12.971542813248437
0,0,0,0.0,12.0,0.0,14.508658238524095
0,0,0,38332.0,0.0,0.0,13.910821646859095
0,0,0,54760.0,15.0,0.0,15.068273812173887
2,1,1,32856.0,10.0,0.0,9.90353755128617
0,0,0,43808.0,14.0,0.0,14.80876270134486
4,4,1,0.0,0.0,0.0,11.918397239722838
0,0,0,2200.0,0.0,0.0,6.111467339502679
2,2,1,27380.0,0.0,0.0,11.002116507732017
4,3,1,0.0,16.0,0.0,16.929025911619092
0,4,2,2053.5,20.0,0.0,17.622173069956816
5,6,4,71188.0,20.0,0.0,18.258161826219297
6,6,5,114996.0,20.0,0.0,18.8906843794481
0,0,0,10952.0,15.0,0.0,15.830413711839864
12,8,4,60236.0,13.0,0.0,17.926384438531027
6,6,2,32856.0,15.0,0.0,17.622173069956816
5,5,2,0.0,14.0,0.0,17.71748324774094
6,6,1,0.0,15.0,0.0,16.993564429978885
6,6,4,0.0,20.0,0.0,17.622173069956816
7,7,4,0.0,15.0,0.0,17.909855136853043
5,5,1,0.0,14.0,0.0,16.929025911619092
5,5,0,4107.0,22.0,0.0,18.049617077054286
0,0,0,43808.0,30.0,0.0,18.035018277846262
0,0,0,6160.5,16.0,0.0,15.123843647884687
5,6,4,93092.0,14.0,0.0,17.9426449591384
0,0,0,0.0,15.0,0.0,15.123843647884687
7,7,4,65712.0,20.0,0.0,18.049617077054286
6,7,2,32856.0,15.0,14237600.0,17.622173069956816
6,5,0,4107.0,16.0,0.0,17.989897843244528
8,7,4,2053.5,20.0,1369.0,17.553180200057167
2,1,1,1197.87,10.0,0.0,16.380459992348886
2,1,1,1090.92,10.0,0.0,16.357112630168974
2,1,1,855.62,16.0,0.0,16.213405921671733
0,0,0,0.0,,0.0,14.930652476452392
2,1,1,1026.75,13.0,0.0,16.300417291085605
4,3,1,32856.0,0.0,0.0,11.082157933374816
2,1,1,1304.8200000000002,13.0,0.0,16.341239282272525
8,4,1,1197.87,10.0,2100.0,16.759949589762293
2,1,1,983.96,13.0,0.0,16.257857680289998
0,0,0,0.0,26.0,0.0,12.899222326086994
6,3,10,2700.0,26.0,1600.0,11.289794413577894
2,1,1,1454.56,13.0,1625.67,9.680406499268875
3,2,1,1180.0,24.0,1180.0,11.002116507732017
2,1,1,1411.78,16.0,0.0,16.52356082573315
2,1,1,1026.75,13.0,0.0,16.213405921671733
0,0,0,32856.0,12.0,0.0,14.220976332738882
4,4,1,1369.0,12.0,0.0,10.819798284210286
4,4,4,0.0,14.0,0.0,16.811242881518265
0,5,3,49284.0,,87616.0,12.899222326086994
0,0,0,10952.0,15.0,0.0,15.830413711839864
0,0,0,1369.0,16.0,0.0,15.319588176962746
0,0,0,23615.25,13.0,0.0,15.341567078850604
5,5,1,21904.0,13.0,0.0,16.951004817371683
7,4,4,0.0,14.0,0.0,17.909855136853043
5,6,4,0.0,13.0,0.0,17.909855136853043
7,4,1,1369.0,14.0,0.0,17.05418904934434
5,4,2,2395.75,14.0,0.0,17.822843761378564
4,5,1,1112.31,0.0,0.0,16.915602891887552
5,3,1,0.0,13.0,0.0,16.993564429978885
5,6,2,38332.0,14.0,0.0,17.822843761378564
7,6,1,0.0,14.0,0.0,17.05418904934434
0,0,0,1711.25,15.0,0.0,14.80876270134486
6,3,1,1369.0,15.0,0.0,17.129696599000436
0,0,0,0.0,20.0,0.0,14.790070575320824
5,4,2,3422.5,16.0,0.0,17.958645300228824
0,0,0,3422.5,14.0,0.0,15.068273812173887
5,5,0,5818.25,20.0,0.0,17.909855136853043
6,4,2,2053.5,30.0,0.0,17.356469910987094
3,3,2,0.0,15.0,0.0,17.491811255187805
0,3,3,3080.25,16.0,0.0,17.453096744006448
4,1,0,1796.81,4.0,0.0,16.300417291085605
0,2,0,5476.0,1.0,5476.0,15.978833698567334
2,1,1,16428.0,13.0,0.0,16.341239282272525
2,1,1,16428.0,15.0,0.0,11.775297421715827
0,0,0,27380.0,13.0,0.0,11.002116507732017
4,4,1,0.0,13.0,0.0,16.97251102166758
4,3,1,54760.0,20.0,16428.0,11.002116507732017
6,4,0,1197.87,13.0,0.0,17.11134746100564
4,2,1,1340.0,20.0,1340.0,16.536806051605975
0,0,0,0.0,20.0,0.0,14.790070575320824
5,5,1,16428.0,13.0,0.0,19.275096076363752
7,6,1,21904.0,13.0,0.0,17.133326366919263
5,4,10,7529.5,16.0,0.0,18.064005814299346
4,4,2,0.0,16.0,0.0,17.72753358339242
4,3,1,1026.75,15.0,0.0,16.929025911619092
0,3,1,1026.75,16.0,0.0,16.97251102166758
5,5,1,16428.0,14.0,0.0,5.484796933490655
6,7,10,120472.0,15.0,0.0,18.064005814299346
5,5,2,0.0,15.0,0.0,20.030118658386467
10,10,5,114996.0,20.0,0.0,18.8906843794481
6,6,0,32856.0,15.0,0.0,17.565014657424058
5,5,1,0.0,13.0,0.0,16.705882371415992
6,6,2,21904.0,14.0,0.0,17.129696599000436
5,3,1,1711.25,15.0,0.0,17.312018149733785
5,6,4,109520.0,18.0,0.0,18.7922443072814
5,4,9,7358.37,8.0,0.0,15.123843647884687
4,5,1,1369.0,20.0,0.0,16.860033043306743
5,4,1,1647.0700000000002,13.0,13416200.0,17.1654146803266
4,2,0,27380.0,20.0,0.0,16.677711496036597
4,2,1,21904.0,0.0,0.0,16.5563506464056
4,2,1,21904.0,20.0,0.0,16.5563506464056
0,0,0,54760.0,13.0,0.0,14.978661680269907
18,5,0,10952.0,13.0,0.0,12.429220196836383
0,0,0,16428.0,20.0,0.0,14.914123179965662
0,0,0,0.0,13.0,0.0,14.648420115681892
0,0,0,1400.0,20.0,1400.0,14.508658238524095
0,0,0,60236.0,400.0,60236.0,12.899222326086994
0,0,0,0.0,20.0,0.0,13.910821646859095
7,6,3,0.0,13.0,0.0,17.553180200057167
18,4,0,1369.0,18.0,1197.87,12.611541086966115
0,0,0,87616.0,0.0,87616.0,14.731801689838349
0,0,0,1711.25,13.0,0.0,15.201805169084134
2,1,1,790.0,,790.0,10.308985993422082
4,3,2,1112.31,0.0,0.0,16.759949589762293
3,2,1,1048.14,13.0,0.0,16.860033043306743
3,2,0,1259.0,20.0,0.0,10.819798284210286
0,0,0,54760.0,20.0,0.0,12.206077645517674
0,0,0,54760.0,16.0,0.0,4.709530201312334
3,4,1,21904.0,15.0,0.0,11.51293546492023
0,0,0,109520.0,0.0,0.0,5.081404364984463
0,0,0,43808.0,15.0,8000.0,12.765691290604371
0,0,0,1454.56,15.0,0.0,14.914123179965662
4,3,2,43808.0,15.0,0.0,12.206077645517674
0,0,0,0.0,15.0,0.0,14.914123179965662
0,0,2,16428.0,0.0,0.0,11.918397239722838
0,0,0,21904.0,20.0,0.0,13.997832948091215
0,0,0,0.0,16.0,0.0,12.429220196836383
12,0,2,16428.0,15.0,0.0,11.695255355062795
12,0,3,32856.0,16.0,3500.0,11.775297421715827
8,3,2,21904.0,16.0,0.0,11.918397239722838
0,0,0,21904.0,15.0,0.0,14.731801689838349
4,4,1,32856.0,16.0,0.0,11.918397239722838
7,8,4,76664.0,14.0,0.0,18.258161826219297
0,0,0,3422.5,13.0,0.0,16.380459992348886
0,0,0,1369.0,13.0,0.0,13.864301674514206
13,0,0,21904.0,13.0,0.0,11.289794413577894
17,17,0,32856.0,20.0,0.0,12.821260987319457
0,0,0,21904.0,22.0,0.0,14.77102238760702
4,4,2,38332.0,13.0,0.0,11.918397239722838
8,3,2,0.0,10.0,16428.0,16.648723960844016
3,3,1,1026.75,14.0,5618376.0,16.733281344102608
0,0,0,38332.0,13.0,0.0,14.978661680269907
4,5,1,16428.0,16.0,0.0,16.648723960844016
0,0,0,65712.0,13.0,65712.0,14.731801689838349
8,6,1,21904.0,20.0,0.0,17.296750678069195
5,5,2,21904.0,15.0,0.0,17.21001898503268
0,0,0,164280.0,20.0,164280.0,14.731801689838349
5,5,1,0.0,14.0,0.0,17.32705602664604
7,6,2,27380.0,20.0,2700.0,17.21336907180573
6,6,2,0.0,14.0,0.0,17.707330876483063
5,3,1,1026.75,10.0,0.0,17.21336907180573
6,6,1,16428.0,13.0,0.0,16.860033043306743
6,6,5,104044.0,13.0,0.0,18.420680753952364
5,5,1,0.0,13.0,0.0,17.622173069956816
0,0,0,104044.0,15.0,0.0,15.068273812173887
6,6,1,21904.0,14.0,0.0,17.32705602664604
5,5,1,21904.0,15.0,0.0,17.1654146803266
5,5,3,60236.0,16.0,0.0,17.72753358339242
5,5,2,27380.0,20.0,0.0,17.370858648025116
5,5,2,0.0,13.0,0.0,17.707330876483063
5,5,3,38332.0,15.0,0.0,17.479072229734946
0,0,0,175232.0,20.0,0.0,15.687312888712007
6,6,1,21904.0,13.0,0.0,17.182806422433504
5,5,1,27380.0,16.0,0.0,17.61099976960838
0,0,0,27380.0,15.0,0.0,15.520258832020865
0,0,0,43808.0,16.0,0.0,15.123843647884687
5,5,1,0.0,16.0,0.0,17.21001898503268
0,0,0,87616.0,12.0,0.0,15.555976908243359
0,0,0,0.0,20.0,0.0,14.038654909278163
0,0,0,1176.48,12.0,0.0,14.508658238524095
3,2,1,1800.0,20.0,1800.0,17.622173069956816
0,0,0,27380.0,20.0,0.0,14.403297778421795
0,0,0,0.0,13.0,0.0,14.508658238524095
0,0,0,10935.0,,10935.0,12.301387370778713
0,0,0,0.0,20.0,0.0,12.206077645517674
0,0,0,0.0,0.0,0.0,12.54254845357358
2,1,0,700.0,14.0,700.0,9.61587214452889
6,5,3,1369.0,15.0,0.0,17.471350183839803
6,5,3,1369.0,13.0,2300.0,17.479072229734946
0,0,0,0.0,20.0,0.0,13.997832948091215
4,2,1,1625.68,18.0,151.0,16.52356082573315
9,6,31,4962.62,20.0,131424000.0,18.858935681335133
4,3,4,0.0,11.0,0.0,17.296750678069195
4,2,3,6845.0,16.0,0.0,18.31532023940565
2,1,1,16428.0,13.0,0.0,9.61587214452889
5,3,1,54760.0,,21904.0,11.918397239722838
0,0,0,2053.5,15.0,0.0,15.319588176962746
0,4,1,0.0,13.0,16428.0,16.759949589762293
6,5,1,1369.0,14.0,12047200.0,16.860033043306743
5,3,1,1112.31,20.0,0.0,16.88356353960952
6,3,1,1197.87,20.0,0.0,16.929025911619092
4,4,2,2395.75,20.0,0.0,17.370858648025116
5,4,2,4791.5,16.0,0.0,17.909855136853043
0,4,0,3764.75,18.0,0.0,18.132998684833918
4,3,1,1711.25,15.0,0.0,17.41282284594998
4,3,1,1711.25,15.0,0.0,17.439851517607305
0,0,0,0.0,16.0,0.0,15.150511887854474
0,0,0,5476.0,15.0,0.0,15.555976908243359
4,3,1,0.0,12.0,0.0,17.034386422832473
0,4,3,0.0,16.0,0.0,17.46616882523204
0,0,0,2053.5,20.0,0.0,15.068273812173887
4,3,1,1369.0,14.0,0.0,16.993564429978885
4,3,1,0.0,15.0,0.0,17.385043282614657
4,4,0,5476.0,16.0,0.0,18.5159909328476
4,3,2,1711.25,15.0,0.0,17.822843761378564
4,4,2,0.0,15.0,0.0,17.385043282614657
4,3,1,1369.0,13.0,0.0,17.19990085520835
0,4,3,0.0,16.0,0.0,17.71748324774094
0,4,0,0.0,15.0,0.0,18.36938746009113
4,3,2,0.0,14.0,0.0,17.147715103853763
4,4,3,2395.75,16.0,0.0,17.622173069956816
0,4,0,7187.25,16.0,0.0,18.197537205138154
4,4,2,1711.25,15.0,2500.0,17.370858648025116
4,4,4,4107.0,16.0,0.0,17.867295523158884
4,4,0,17797.0,20.0,0.0,19.519293035953808
4,4,3,3080.25,20.0,0.0,17.822843761378564
4,4,4,3080.25,20.0,0.0,18.02763817065757
4,3,3,2738.0,14.0,0.0,17.822843761378564
6,3,2,1711.25,15.0,0.0,17.370858648025116
5,4,2,2053.5,15.0,0.0,17.399029524198163
4,3,2,1369.0,14.0,0.0,17.073607134447293
5,4,3,3080.25,16.0,0.0,17.6762402900575
5,5,1,0.0,13.0,0.0,16.716932206992077
13,5,1,3422.5,16.0,38332000.0,12.206077645517674
6,5,1,21904.0,14.0,0.0,17.073607134447293
5,5,2,38332.0,14.0,0.0,17.479072229734946
0,0,0,0.0,12.0,0.0,14.648420115681892
4,4,1,43808.0,14.0,32856.0,11.695255355062795
5,5,2,0.0,13.0,0.0,17.32705602664604
5,6,2,38332.0,14.0,0.0,17.50188690692275
3,2,1,1259.0,0.0,1259.0,16.705882371415992
8,7,1,21904.0,20.0,0.0,17.296750678069195
5,5,2,27380.0,14.0,0.0,17.182806422433504
0,0,0,21904.0,15.0,21904.0,14.77102238760702
5,5,1,32856.0,13.0,0.0,17.399029524198163
4,5,3,49284.0,15.0,0.0,17.6762402900575
0,0,0,21904.0,12.0,21904.0,17.147715103853763
0,0,0,9583.0,210.0,0.0,15.201805169084134
5,3,1,855.62,13.0,1400.0,16.52356082573315
6,3,2,1197.87,13.0,1900.0,16.811242881518265
6,5,1,0.0,13.0,0.0,16.951004817371683
5,2,1,1197.87,13.0,10952000.0,16.733281344102608
6,5,1,21904.0,22.0,0.0,17.01418371633128
6,6,1,21904.0,18.0,0.0,16.98519618065851
6,6,2,0.0,15.0,0.0,17.479072229734946
5,5,1,0.0,14.0,0.0,17.249497794707484
6,5,1,21904.0,13.0,0.0,17.182806422433504
6,5,1,0.0,13.0,0.0,17.034386422832473
5,5,2,43808.0,15.0,0.0,17.840862266556567
5,5,3,49284.0,20.0,0.0,18.02763817065757
0,0,0,60236.0,13.0,60236.0,15.201805169084134
0,0,0,32856.0,15.0,32856.0,15.068273812173887
6,6,1,0.0,13.0,0.0,17.439851517607305
6,6,4,120472.0,16.0,0.0,12.765691290604371
0,0,0,43808.0,13.0,0.0,15.250595321348806
6,5,1,0.0,13.0,0.0,17.370858648025116
5,3,2,1197.87,20.0,12047200.0,16.906553056777135
5,3,2,1197.87,13.0,0.0,16.785925074816024
5,3,2,1197.87,20.0,0.0,16.648723960844016
6,4,1,1069.53,16.0,9309200.0,16.677711496036597
0,1,1,0.0,,500.0,13.652992804936396
0,0,0,65712.0,15.0,65712.0,15.319588176962746
5,3,1,1069.53,13.0,9309200.0,16.677711496036597
4,3,0,1411.78,7.0,0.0,16.118095750958314
0,0,0,1112.31,20.0,0.0,16.906553056777135
2,1,1,27380.0,0.0,0.0,10.12667110305036
11,3,1,2053.5,11.0,0.0,16.906553056777135
4,3,1,0.0,0.0,0.0,16.759949589762293
0,0,2,16770.25,12.0,0.0,14.48334044336031
0,0,0,1219.26,30.0,1219.26,18.603002309079653
0,0,0,7358.37,16.0,5476.0,15.564710586686562
0,0,0,1818.2,16.0,0.0,14.285514812209815
5,2,1,941.18,13.0,0.0,16.906553056777135
0,0,0,1540.12,13.0,0.0,14.731801689838349
0,0,0,1304.8200000000002,13.0,0.0,14.914123179965662
5,4,1,0.0,15.0,0.0,16.677711496036597
0,0,0,5476.0,16.0,5500.0,12.899222326086994
4,3,1,1069.53,0.0,0.0,16.705882371415992
5,4,1,32856.0,14.0,0.0,17.341871111992198
5,0,1,21904.0,13.0,17797.0,17.085079535170806
6,0,1,23615.25,13.0,23615.25,17.426428497635523
4,3,1,0.0,12.0,0.0,16.860033043306743
4,3,1,1155.09,13.0,0.0,16.648723960844016
0,0,0,10952.0,0.0,10952.0,13.45883704259595
0,0,0,1133.7,20.0,0.0,14.690979711984754
8,3,1,1026.75,13.0,520220.0,16.648723960844016
0,0,0,1283.43,10.0,0.0,14.845130332288226
4,3,1,16428.0,12.0,16428.0,16.588099342704055
3,3,1,2000.0,26.0,1800.0,11.918397239722838
10,3,1,1283.43,13.0,0.0,16.906553056777135
0,0,0,2181.84,,1530.0,11.082157933374816
2,1,1,1369.0,13.0,0.0,16.257857680289998
0,0,0,0.0,,0.0,14.430696737594902
0,0,0,1711.25,13.0,0.0,14.557448378884015
4,4,2,0.0,13.0,0.0,16.796129244469636
6,5,1,21904.0,20.0,0.0,17.182806422433504
6,5,20,0.0,15.0,0.0,19.48539148439307
6,6,3,0.0,13.0,0.0,17.622173069956816
4,5,3,38332.0,30.0,0.0,17.399029524198163
5,5,2,0.0,13.0,0.0,17.385043282614657
0,0,0,1048.14,16.0,0.0,15.623799493077952
0,0,0,0.0,60.0,0.0,13.304686600863562
3,3,0,0.0,13.0,0.0,16.997722439954657
4,2,1,16428.0,13.0,0.0,16.5563506464056
5,5,3,0.0,20.0,2700.0,17.50439003707821
5,3,0,0.0,26.0,0.0,16.677711496036597
3,2,1,16428.0,20.0,0.0,16.811242881518265
5,3,1,0.0,13.0,0.0,16.705882371415992
18,16,1,2224.62,12.0,4800.0,17.370858648025116
0,0,0,16428.0,12.0,16428.0,16.648723960844016
0,15,20,4791.5,,3000.0,4.61512051684126
4,3,0,1197.87,13.0,0.0,17.073607134447293
0,0,0,1882.37,12.0,0.0,15.319588176962746
4,1,0,0.0,14.0,0.0,15.11023799953124
0,0,0,1197.87,7.0,0.0,14.946912992035967
5,6,1,0.0,13.0,0.0,17.05418904934434
0,0,0,147852.0,24.0,147852.0,12.765691290604371
5,5,4,65712.0,15.0,0.0,18.035018277846262
6,5,1,0.0,20.0,0.0,16.88356353960952
6,0,5,16428.0,13.0,0.0,16.716932206992077
4,4,4,114996.0,14.0,0.0,18.197537205138154
6,5,1,0.0,12.0,0.0,16.806230339945976
5,5,0,93092.0,15.0,0.0,18.09217669086922
5,5,0,32856.0,13.0,0.0,17.909855136853043
6,5,6,65712.0,15.0,0.0,17.867295523158884
5,5,4,76664.0,20.0,0.0,18.005165315142214
7,5,1,21904.0,13.0,0.0,17.21336907180573
7,7,1,21904.0,13.0,0.0,17.21336907180573
4,4,1,27380.0,20.0,0.0,17.32705602664604
5,4,1,1625.68,16.0,1138.0,17.439851517607305
0,0,0,1283.43,12.0,0.0,14.648420115681892
0,0,0,1369.0,20.0,0.0,14.626441218624949
3,2,3,1796.8,20.0,21904.0,16.951004817371683
5,3,1,0.0,13.0,0.0,16.840801682303496
5,3,1,21904.0,26.0,21904.0,17.073607134447293
5,5,3,43808.0,20.0,0.0,17.989897843244528
6,6,20,0.0,20.0,0.0,19.806975107572256
4,5,3,38332.0,15.0,0.0,17.622173069956816
0,0,0,0.0,13.0,0.0,15.068273812173887
0,0,0,0.0,20.0,0.0,14.115615891155079
0,0,0,317608.0,18.0,0.0,13.304686600863562
8,3,1,1369.0,16.0,0.0,17.1654146803266
4,3,1,21904.0,,27380.0,10.463131911491967
0,0,1,1711.25,13.0,0.0,17.50439003707821
11,8,5,43808.0,12.0,27380.0,12.899222326086994
0,0,1,17797.0,0.0,17797.0,16.759949589762293
2,1,5,43808.0,12.0,27380.0,11.156264806643742
2,1,1,11978.75,13.0,11978.75,16.213405921671733
4,5,1,1048.14,20.0,16428.0,16.770420889081343
5,5,2,0.0,13.0,0.0,17.399029524198163
4,4,1,21904.0,15.0,0.0,16.835935492889124
0,0,0,0.0,10.0,0.0,13.710151153416941
2,2,1,1044.0,10.0,0.0,10.714439990727769
3,4,2,1882.37,,0.0,11.918397239722838
4,4,1,0.0,13.0,0.0,16.705882371415992
5,5,4,71188.0,15.0,0.0,18.09217669086922
6,5,1,21904.0,13.0,0.0,16.951004817371683
6,4,1,0.0,13.0,0.0,16.806230339945976
7,8,2,21904.0,14.0,0.0,17.50439003707821
5,5,1,0.0,13.0,0.0,16.88356353960952
6,3,2,21904.0,0.0,0.0,17.356469910987094
4,4,4,87616.0,14.0,0.0,18.064005814299346
0,0,0,0.0,,0.0,17.822843761378564
5,5,4,82140.0,14.0,27380.0,17.989897843244528
7,7,3,43808.0,13.0,0.0,17.9426449591384
0,2,2,54760.0,18.0,21904.0,15.573368647930426
3,4,2,1882.37,14.0,1369.0,11.918397239722838
4,3,2,0.0,12.0,0.0,10.463131911491967
0,0,0,1540.12,13.0,0.0,17.05418904934434
0,0,1,855.62,12.0,0.0,16.41820031748273
0,0,0,1967.93,20.0,0.0,17.147715103853763
0,0,2,16428.0,14.0,16428.0,16.811242881518265
4,4,2,4791.5,15.0,0.0,18.02763817065757
4,4,2,0.0,15.0,0.0,17.296750678069195
4,4,2,2395.75,15.0,0.0,17.370858648025116
4,4,1,0.0,14.0,0.0,17.249497794707484
4,4,1,0.0,18.0,0.0,17.296750678069195
4,4,1,0.0,15.0,0.0,16.811242881518265
2,3,4,0.0,15.0,0.0,17.370858648025116
4,3,1,1369.0,30.0,0.0,17.296750678069195
10,0,0,27380.0,15.0,0.0,16.906553056777135
4,4,2,2053.5,33.0,0.0,17.370858648025116
0,0,1,21904.0,12.0,17797.0,17.073607134447293
0,0,1,21904.0,14.0,17797.0,17.0926553286923
0,0,0,1197.87,13.0,0.0,16.257857680289998
0,0,0,0.0,0.0,0.0,17.909855136853043
7,6,1,1711.25,16.0,3525.0,17.426428497635523
4,2,1,0.0,13.0,0.0,16.395727463314174
0,0,0,43808.0,20.0,0.0,13.997832948091215
0,0,0,0.0,15.0,0.0,16.588099342704055
0,0,0,16428.0,10.0,0.0,13.710151153416941
0,0,0,0.0,15.0,0.0,12.206077645517674
16,3,0,32856.0,13.0,0.0,17.11134746100564
0,0,0,0.0,0.0,0.0,12.429220196836383
0,0,0,0.0,,0.0,17.72753358339242
0,0,0,1283.43,10.0,0.0,14.403297778421795
0,0,0,27380.0,40.0,0.0,15.123843647884687
0,2,0,0.0,12.0,0.0,16.52356082573315
0,0,0,0.0,25.0,0.0,14.731801689838349
2,1,0,16428.0,5.0,0.0,15.687312888712007
7,0,2,0.0,13.0,0.0,17.129696599000436
6,4,2,16428.0,13.0,10952.0,16.705882371415992
8,4,1,1112.31,0.0,0.0,17.281246492014
0,0,0,5.0,12.0,0.0,14.914123179965662
4,4,3,1925.15,13.0,2200.0,17.46616882523204
4,4,1,21904.0,22.0,16428.0,17.370858648025116
3,3,2,1788.0,20.0,0.0,12.367345048436391
0,0,0,1026.75,13.0,0.0,16.716932206992077
4,3,1,0.0,13.0,0.0,16.41820031748273
0,0,0,0.0,20.0,0.0,13.304686600863562
2,1,0,900.0,15.0,0.0,9.798182590890704
3,1,1,0.0,13.0,0.0,15.894952224644102
3,3,0,1197.87,13.0,0.0,11.002116507732017
0,0,0,0.0,15.0,0.0,14.731801689838349
2,1,2,0.0,,0.0,15.830413711839864
0,0,0,2310.18,24.0,0.0,15.555976908243359
0,0,0,16428.0,13.0,0.0,14.508658238524095
0,0,0,855.62,11.0,616.0,10.819798284210286
0,0,0,2738.0,13.0,0.0,13.955273369904273
6,5,5,0.0,12.0,0.0,17.296750678069195
0,0,0,65712.0,12.0,43808.0,11.350418300109132
0,0,0,2566.87,13.0,0.0,13.864301674514206
0,3,1,1133.7,9.0,0.0,16.705882371415992
0,0,0,0.0,10.0,0.0,14.914123179965662
0,0,0,0.0,30.0,0.0,16.811242881518265
0,0,0,16428.0,13.0,0.0,16.489659276356317
0,0,0,27380.0,12.0,0.0,14.45736497045232
0,0,0,0.0,15.0,0.0,16.213405921671733
0,0,0,43808.0,15.0,0.0,17.622173069956816
0,0,0,49284.0,15.0,0.0,17.71748324774094
3,3,4,3422.5,20.0,2000.0,18.064005814299346
4,3,4,3251.37,20.0,2500.0,18.064005814299346
0,0,0,49284.0,9.0,0.0,15.274125813221904
3,5,1,1369.0,20.0,2300.0,17.034386422832473
16,4,1,21904.0,10.0,4.0,16.588099342704055
3,9,0,941.18,10.0,0.0,16.41820031748273
2,1,0,1048.14,12.0,0.0,16.300417291085605
0,0,0,2224.62,16.0,0.0,14.80876270134486
6,3,2,27380.0,13.0,21904.0,17.140546614632086
3,3,2,2224.62,20.0,2000.0,17.399029524198163
0,0,0,27380.0,20.0,0.0,15.150511887854474
5,0,2,1711.25,14.0,1796.79,12.100717685412471
8,9,4,4620.37,13.0,4500.0,18.420680753952364
6,3,4,3165.8,20.0,2500.0,17.909855136853043
0,0,0,1668.46,20.0,0.0,15.201805169084134
5,5,3,82140.0,13.0,0.0,17.989897843244528
6,6,3,54760.0,20.0,3600.0,17.840862266556567
6,5,3,0.0,15.0,0.0,17.61099976960838
5,5,3,93092.0,13.0,0.0,18.258161826219297
0,0,0,2738.0,13.0,0.0,17.453096744006448
0,0,0,2395.75,16.0,0.0,14.508658238524095
0,0,0,1369.0,13.0,0.0,14.13396501635527
0,0,0,1369.0,13.0,0.0,14.187074804051692
8,0,0,1069.53,10.0,0.0,16.759949589762293
6,3,3,2224.62,10.0,1026.75,10.819798284210286
0,0,0,2224.62,14.0,0.0,14.346139397261565
3,1,0,855.62,4.0,0.0,15.830413711839864
5,4,2,2738.0,20.0,2500.0,17.6762402900575
3,3,1,1369.0,20.0,2300.0,17.034386422832473
7,2,0,1326.21,13.0,0.0,16.929025911619092
5,4,2,2053.5,20.0,2500.0,17.370858648025116
0,0,0,400.0,15.0,0.0,14.077875591662238
7,4,1,2395.75,10.0,1000.0,17.72753358339242
0,0,0,1882.37,12.0,0.0,15.201805169084134
7,5,1,16428.0,13.0,0.0,17.034386422832473
0,0,0,1048.14,14.0,0.0,16.61887099947687
5,4,2,2395.75,13.0,3000.0,17.6441519761925
5,4,0,2566.87,15.0,0.0,17.216707972959764
0,0,0,1647.0700000000002,20.0,0.0,14.346139397261565
0,0,0,1882.37,,0.0,15.009433329466965
0,0,0,0.0,13.0,0.0,12.706850963741102
0,0,0,21904.0,20.0,0.0,15.76142084987672
2,4,3,27380.0,13.0,0.0,17.147715103853763
0,0,0,1454.55,13.0,0.0,17.370858648025116
0,0,0,1540.12,12.0,0.0,17.707330876483063
0,0,0,0.0,20.0,0.0,15.201805169084134
2,1,2,2053.5,13.0,1026.75,9.90353755128617
0,0,0,0.0,26.0,0.0,12.765691290604371
5,5,1,0.0,13.0,0.0,16.88356353960952
0,0,0,43808.0,15.0,0.0,15.176487367510099
0,0,0,21904.0,33.0,0.0,15.717618233614914
7,5,1,27380.0,20.0,2600.0,17.05418904934434
0,0,0,2738.0,15.0,0.0,15.250595321348806
8,0,0,1048.14,13.0,0.0,16.61887099947687
11,0,0,1454.55,13.0,0.0,16.906553056777135
0,0,0,21904.0,10.0,0.0,16.166885910365842
0,0,0,3251.37,18.0,0.0,14.603968372873895
0,0,0,10.0,11.0,0.0,15.424948670398354
0,0,0,1454.56,20.0,0.0,14.038654909278163
5,7,3,4107.0,14.0,0.0,18.064005814299346
0,0,0,0.0,20.0,0.0,14.038654909278163
5,6,5,1967.93,20.0,0.0,17.491811255187805
0,0,0,54760.0,,0.0,14.187074804051692
2,1,0,27722.25,12.0,0.0,16.705882371415992
0,0,0,0.0,26.0,0.0,15.274125813221904
3,4,1,16428.0,14.0,9856800.0,16.906553056777135
0,0,0,5476.0,0.0,0.0,10.308985993422082
0,6,1,32856.0,22.0,0.0,11.608244735642321
2,1,1,683.0,0.0,0.0,10.596659732783579
0,0,0,3080.25,16.0,0.0,15.520258832020865
5,6,5,0.0,15.0,0.0,17.95067713070663
0,0,0,2395.75,16.0,0.0,15.955576839107596
0,0,0,11123.12,16.0,0.0,17.296750678069195
18,6,6,32856.0,13.0,0.0,17.665658180950928
0,0,0,1800.0,42.0,0.0,12.07254696717504
0,0,0,0.0,,0.0,13.122365377402328
0,0,0,5476.0,20.0,0.0,16.213405921671733
0,4,4,1026.75,12.0,0.0,16.929025911619092
0,0,0,8898.5,40.0,0.0,16.213405921671733
0,0,0,10609.75,50.0,0.0,16.380459992348886
6,6,2,2738.0,20.0,0.0,17.622173069956816
6,7,10,8898.5,20.0,0.0,18.683045016112164
0,0,0,3080.25,60.0,0.0,16.52356082573315
0,0,0,3165.81,45.0,0.0,15.830413711839864
0,0,0,2224.62,12.0,0.0,15.201805169084134
4,5,2,4149.78,20.0,0.0,18.603002309079653
2,2,1,1371.0,0.0,0.0,11.51293546492023
3,3,1,855.62,16.0,855.62,10.714439990727769
0,0,0,2200.0,,0.0,12.765691290604371
6,5,1,27380.0,14.0,21904.0,16.906553056777135
3,2,3,1369.0,13.0,127.18,16.648723960844016
24,0,15,262848.0,22.0,87616.0,13.217675375388819
10,8,2,21904.0,30.0,0.0,17.216707972959764
0,0,0,16428.0,10.0,0.0,15.76142084987672
4,4,2,1390.39,13.0,2500.0,16.759949589762293
0,4,0,0.0,0.0,0.0,16.705882371415992
0,0,0,0.0,66.0,0.0,14.253766134056512
1,1,1,919.79,10.0,919.79,16.300417291085605
23,10,0,855.62,15.0,0.0,18.623621596112322
4,4,0,2100.0,15.0,0.0,10.915106645867503
0,0,0,1197.87,12.0,0.0,14.220976332738882
0,0,0,21904.0,4.0,0.0,14.077875591662238
0,0,0,0.0,20.0,0.0,13.610944619216111
0,0,0,32856.0,12.0,0.0,14.115615891155079
6,2,0,1967.93,20.0,13690000.0,11.289794413577894
0,0,0,21904.0,15.0,0.0,16.811242881518265
8,3,0,1026.75,13.0,0.0,16.648723960844016
0,0,0,1026.75,10.0,0.0,16.648723960844016
4,0,0,0.0,10.0,0.0,15.955576839107596
0,0,0,27380.0,20.0,0.0,13.910821646859095
8,0,0,16428.0,20.0,0.0,16.5563506464056
0,0,0,2395.75,20.0,0.0,14.77102238760702
0,0,0,16492.17,20.0,0.0,17.909855136853043
0,3,1,71188.0,,32856.0,10.085850775128717
0,0,0,0.0,0.0,0.0,12.345838935721968
0,0,0,213564.0,20.0,0.0,13.997832948091215
0,0,0,27380.0,15.0,0.0,15.53827733427679
5,6,1,21904.0,15.0,0.0,17.599700214609808
6,6,10,109520.0,20.0,0.0,18.420680753952364
5,7,0,98568.0,20.0,0.0,18.379858759848776
6,6,2,0.0,20.0,0.0,17.1654146803266
0,0,0,21904.0,16.0,0.0,16.929025911619092
17,10,2,0.0,15.0,0.0,17.529082649058825
11,0,2,0.0,13.0,0.0,17.216707972959764
0,0,0,1711.25,0.0,0.0,14.731801689838349
0,0,0,1850.0,40.0,0.0,13.997832948091215
3,4,2,2100.0,20.0,0.0,12.04355959836804
5,6,3,0.0,15.0,0.0,17.989897843244528
4,2,4,43808.0,0.0,0.0,11.461642696843066
0,0,0,0.0,13.0,0.0,14.648420115681892
2,1,0,900.0,15.0,0.0,9.392745258631441
4,4,4,98568.0,13.0,65712.0,18.560442695023177
0,0,0,1711.25,0.0,0.0,15.201805169084134
0,0,0,1369.0,0.0,0.0,14.151983508870947
0,0,0,0.0,,0.0,14.731801689838349
0,0,0,1369.0,20.0,0.0,15.068273812173887
0,0,0,5476.0,32.0,0.0,13.815511557963774
0,0,0,1711.25,13.0,0.0,14.648420115681892
0,0,1,2738.0,32.0,0.0,12.345838935721968
0,0,0,1369.0,16.0,0.0,14.557448378884015
6,4,8,2224.62,32.0,0.0,17.370858648025116
7,4,3,7871.75,26.0,0.0,18.757152987716434
0,0,0,1026.75,13.0,0.0,15.830413711839864
0,0,0,941.18,10.0,0.0,16.066802461833923
0,0,0,1112.31,13.0,0.0,16.811242881518265
0,0,0,16428.0,16.0,0.0,16.705882371415992
0,0,0,0.0,30.0,0.0,16.300417291085605
0,4,0,2400.0,0.0,0.0,11.982935344196433
0,0,0,38332.0,15.0,0.0,17.370858648025116
0,0,0,2200.0,13.0,0.0,10.12667110305036
0,0,0,85562.5,20.0,0.0,11.918397239722838
0,0,0,43808.0,24.0,2000.0,9.61587214452889
0,0,0,0.0,0.0,0.0,15.319588176962746
1,1,2,2053.5,16.0,1369.0,10.12667110305036
0,2,1,16428.0,0.0,10952.0,10.463131911491967
0,0,0,0.0,16.0,0.0,15.520258832020865
2,2,1,962.57,13.0,962.0,16.68340951682656
0,0,0,1197.87,13.0,0.0,16.733281344102608
0,0,0,1882.37,12.0,0.0,17.034386422832473
5,4,1,27380.0,12.0,27380.0,17.312018149733785
0,0,0,0.0,12.0,0.0,15.894952224644102
2,2,1,32856.0,13.0,21904.0,9.99884318585288
9,4,3,16428.0,13.0,0.0,16.929025911619092
6,3,3,21904.0,13.0,0.0,17.129696599000436
6,3,1,21904.0,13.0,16428.0,16.98519618065851
8,0,0,1197.87,12.0,0.0,16.733281344102608
12,0,0,2139.05,12.0,0.0,17.312018149733785
10,0,0,21904.0,12.0,0.0,16.951004817371683
7,0,0,16428.0,12.0,0.0,16.5563506464056
0,0,0,898.4,,0.0,15.955576839107596
0,0,0,0.0,20.0,0.0,14.508658238524095
0,0,0,3294.15,15.0,0.0,14.615267923020578
0,0,0,941.18,10.0,0.0,16.759949589762293
0,0,0,1882.37,15.0,0.0,17.21001898503268
0,0,0,27380.0,14.0,0.0,15.068273812173887
3,3,2,1369.0,17.0,1369.0,9.741027444837728
0,0,0,615.0,35.0,0.0,12.206077645517674
0,0,0,273800.0,0.0,0.0,13.815511557963774
13,0,0,2139.05,13.0,0.0,17.081270006899263
0,0,0,16428.0,13.0,0.0,15.341567078850604
0,0,0,27380.0,17.0,0.0,13.815511557963774
4,4,1,0.0,16.0,752.0,17.0926553286923
5,4,4,0.0,20.0,0.0,12.206077645517674
0,0,0,2759.39,13.0,0.0,15.955576839107596
0,2,0,1400.0,,1400.0,10.596659732783579
0,0,0,0.0,1.0,0.0,15.520258832020865
5,4,2,2823.56,13.0,2500.0,17.529082649058825
0,0,0,19166.0,20.0,0.0,13.217675375388819
0,0,0,2200.0,15.0,0.0,12.07254696717504
11,0,0,38332.0,15.0,0.0,17.553180200057167
0,0,0,164280.0,20.0,0.0,13.592368256649284
2,1,1,0.0,32.0,0.0,9.61587214452889
0,0,0,162.0,20.0,0.0,16.811242881518265
0,0,0,27380.0,10.0,0.0,14.845130332288226
0,0,0,164280.0,20.0,0.0,14.403297778421795
0,0,0,54760.0,13.0,0.0,14.077875591662238
0,0,0,0.0,16.0,0.0,16.88356353960952
0,0,0,1283.43,10.0,0.0,14.731801689838349
6,4,2,0.0,13.0,21904.0,17.05418904934434
0,0,0,16428.0,10.0,0.0,16.52356082573315
5,5,2,21904.0,13.0,0.0,17.281246492014
0,0,0,0.0,,0.0,15.424948670398354
0,0,0,21904.0,22.0,0.0,14.88022163978423
0,0,0,1112.31,10.0,0.0,14.80876270134486
6,3,2,0.0,30.0,0.0,17.281246492014
0,0,0,900.0,15.0,0.0,9.61587214452889
0,0,0,1090.92,12.0,0.0,16.257857680289998
0,0,0,1283.43,13.0,0.0,14.220976332738882
0,0,0,1604.29,20.0,0.0,13.997832948091215
16,20,1,175232.0,55.0,54760000.0,18.643824303266577
0,0,0,21904.0,,0.0,15.501909696719672
8,0,0,855.62,13.0,0.0,16.454567959008102
0,0,0,3000.0,,0.0,12.429220196836383
2,1,0,0.0,,0.0,15.424948670398354
0,0,0,49284.0,16.0,0.0,17.71748324774094
0,0,0,71188.0,16.0,0.0,14.346139397261565
0,0,0,1604.29,13.0,0.0,13.910821646859095
0,0,0,1369.0,13.0,0.0,16.118095750958314
0,0,0,0.0,20.0,0.0,11.51293546492023
0,0,0,5476.0,13.0,0.0,15.955576839107596
0,0,0,10.0,15.0,0.0,17.034386422832473
0,0,0,27380.0,15.0,0.0,16.066802461833923
5,5,4,3080.25,20.0,0.0,18.197537205138154
5,2,1,16428.0,12.0,0.0,16.648723960844016
2,1,0,900.0,15.0,0.0,9.798182590890704
0,0,0,800.0,15.0,0.0,10.596659732783579
1,1,0,700.0,15.0,0.0,9.61587214452889
2,2,1,16428.0,13.0,0.0,16.118095750958314
9,5,3,1197.87,33.0,1026.75,17.216707972959764
0,0,0,43808.0,15.0,0.0,15.319588176962746
0,0,0,1540.12,12.0,0.0,13.997832948091215
0,0,0,54760.0,10.0,0.0,14.077875591662238
0,0,0,21904.0,10.0,0.0,14.346139397261565
0,3,2,0.0,13.0,16428.0,16.929025911619092
0,0,0,43808.0,15.0,0.0,15.520258832020865
0,0,0,60236.0,15.0,0.0,15.76142084987672
0,0,0,65712.0,13.0,0.0,15.520258832020865
11,0,0,27380.0,15.0,0.0,16.906553056777135
0,0,0,8520.0,0.0,0.0,17.426428497635523
0,0,0,2310.18,20.0,0.0,17.399029524198163
7,0,0,855.62,13.0,0.0,16.395727463314174
18,0,0,1454.56,32.0,0.0,17.182806422433504
5,4,0,2200.0,15.0,0.0,11.289794413577894
0,0,0,27380.0,20.0,0.0,16.835935492889124
3,4,1,0.0,0.0,16428.0,17.11134746100564
0,0,0,32856.0,0.0,0.0,15.894952224644102
0,0,0,1454.55,26.0,0.0,16.300417291085605
5,3,0,1197.87,13.0,0.0,16.785925074816024
3,1,0,1300.0,13.0,0.0,9.61587214452889
0,0,0,1000.0,0.0,0.0,10.12667110305036
0,0,0,1454.55,13.0,0.0,16.785925074816024
0,0,0,21904.0,5.0,0.0,15.123843647884687
0,0,0,54760.0,13.0,0.0,14.115615891155079
0,0,0,21904.0,12.0,0.0,15.123843647884687
0,0,0,1369.0,20.0,0.0,14.220976332738882
0,0,0,1732.64,13.0,0.0,14.285514812209815
0,0,0,16428.0,20.0,0.0,15.201805169084134
0,0,0,5476.0,20.0,0.0,15.424948670398354
11,5,0,21904.0,13.0,0.0,17.0926553286923
11,0,0,1369.0,13.0,0.0,17.05418904934434
5,2,1,2374.35,15.0,0.0,17.19990085520835
0,3,2,0.0,13.0,0.0,16.97251102166758
4,3,0,855.62,13.0,0.0,16.52356082573315
4,3,0,1090.92,10.0,0.0,16.759949589762293
4,3,0,855.62,13.0,0.0,16.52356082573315
0,0,0,200.0,30.0,0.0,14.346139397261565
4,3,0,1283.43,20.0,0.0,16.97251102166758
5,4,0,16428.0,11.0,0.0,16.705882371415992
3,3,2,1112.31,13.0,0.0,16.733281344102608
0,0,0,0.0,20.0,0.0,16.52356082573315
7,3,0,1540.12,10.0,0.0,17.01418371633128
0,0,3,1540.12,8.0,0.0,17.312018149733785
0,0,0,2053.5,20.0,0.0,15.687312888712007
0,0,0,4107.0,20.0,0.0,15.687312888712007
0,0,0,4107.0,20.0,0.0,15.687312888712007
0,0,0,5476.0,13.0,0.0,15.520258832020865
0,0,0,0.0,15.0,0.0,16.759949589762293
2,1,1,16428.0,13.0,540.0,15.38412668421143
0,0,0,400.0,15.0,0.0,13.710151153416941
0,0,0,38332.0,15.0,0.0,16.88356353960952
0,0,0,1796.8,12.0,0.0,17.073607134447293
13,0,0,0.0,20.0,0.0,17.073607134447293
0,0,0,72899.25,20.0,0.0,14.077875591662238
0,0,0,1112.31,13.0,0.0,14.648420115681892
4,1,3,54760.0,20.0,0.0,16.811242881518265
4,4,1,0.0,20.0,710.0,16.785925074816024
5,5,0,76664.0,14.0,0.0,17.747336210296442
4,4,1,1369.0,16.0,820.0,17.0926553286923
5,3,4,21904.0,0.0,0.0,17.19990085520835
0,0,0,0.0,26.0,0.0,14.253766134056512
0,0,0,0.0,,0.0,12.206077645517674
0,0,0,7187.25,30.0,0.0,16.52356082573315
0,0,0,0.0,,0.0,13.384729180332174
0,0,0,1026.75,12.0,0.0,14.285514812209815
0,0,0,21904.0,10.0,0.0,14.285514812209815
0,0,0,0.0,12.0,0.0,13.997832948091215
2,3,1,16428.0,12.0,0.0,16.52356082573315
3,4,1,1026.75,20.0,0.0,17.50439003707821
6,2,1,60236.0,20.0,21904.0,16.677711496036597
6,6,4,109520.0,15.0,0.0,18.31532023940565
4,3,0,11636.5,10.0,11294.25,16.41820031748273
0,0,0,900.0,15.0,0.0,14.508658238524095
0,0,0,11978.75,20.0,0.0,16.52356082573315
0,0,0,200.0,20.0,0.0,14.220976332738882
0,0,0,700.0,,0.0,14.220976332738882
0,0,0,300.0,15.0,0.0,14.403297778421795
3,1,0,16428.0,14.0,0.0,16.213405921671733
0,0,0,21904.0,10.0,0.0,14.151983508870947
5,5,0,49284.0,13.0,0.0,18.064005814299346
0,0,0,300.0,15.0,0.0,14.151983508870947
0,0,0,0.0,18.0,0.0,15.319588176962746
5,5,1,0.0,14.0,0.0,16.700311326676903
5,5,2,38332.0,15.0,0.0,17.356469910987094
0,0,0,16428.0,13.0,700.0,10.203629181337648
7,6,3,38332.0,20.0,0.0,17.529082649058825
7,4,0,0.0,26.0,0.0,16.733281344102608
0,0,0,1700.0,16.0,1700.0,14.45736497045232
0,0,0,21904.0,0.0,21904.0,14.220976332738882
0,0,1,0.0,13.0,0.0,10.819798284210286
5,6,10,175232.0,20.0,0.0,18.46947091764561
0,0,0,16428.0,10.0,0.0,14.914123179965662
9,10,2,32856.0,14.0,0.0,17.41282284594998
0,0,0,16428.0,10.0,0.0,16.52356082573315
5,4,2,0.0,13.0,16428.0,16.860033043306743
0,0,0,43808.0,14.0,0.0,17.453096744006448
0,0,0,500.0,15.0,0.0,13.304686600863562
0,0,0,0.0,12.0,10952.0,16.213405921671733
4,0,0,900.0,13.0,0.0,9.99884318585288
2,1,0,1454.55,12.0,0.0,15.830413711839864
7,3,0,0.0,0.0,0.0,16.677711496036597
0,0,0,21904.0,10.0,0.0,14.115615891155079
0,0,0,0.0,16.0,0.0,16.012735246411598
0,0,0,1625.68,14.0,0.0,14.346139397261565
0,0,0,0.0,20.0,0.0,14.151983508870947
0,0,0,21904.0,20.0,21904.0,15.424948670398354
0,0,0,16428.0,24.0,0.0,15.46416937585933
0,0,0,900.0,12.0,0.0,9.90353755128617
0,0,0,328560.0,20.0,0.0,14.403297778421795
0,0,0,49284.0,0.0,0.0,17.11134746100564
2,1,0,1347.6,13.0,0.0,16.380459992348886
0,0,0,1197.87,13.0,0.0,16.380459992348886
0,0,0,0.0,,0.0,17.6867115897055
0,0,0,164280.0,16.0,0.0,12.429220196836383
2,1,0,900.0,10.0,0.0,10.308985993422082
0,0,0,3165.8,15.0,0.0,13.864301674514206
7,3,0,21904.0,10.0,0.0,15.894952224644102
4,3,1,1454.56,15.0,0.0,10.778977123006351
0,0,0,871.8,12.0,0.0,10.308985993422082
5,6,1,0.0,12.0,0.0,16.694709071442087
0,0,0,2738.0,18.0,0.0,15.201805169084134
5,6,1,0.0,12.0,0.0,16.897420573630875
0,0,0,1283.43,10.0,0.0,17.182806422433504
0,0,0,2566.87,14.0,0.0,15.607270193858982
24,22,3,0.0,30.0,16000.0,15.319588176962746
0,0,0,1026.75,12.0,0.0,15.068273812173887
0,0,0,2310.18,10.0,0.0,14.690979711984754
4,3,0,0.0,15.0,16428.0,16.951004817371683
5,0,0,1369.0,12.0,0.0,17.182806422433504
0,0,0,0.0,14.0,0.0,13.815511557963774
3,4,4,5476.0,20.0,0.0,18.064005814299346
0,0,0,700.0,12.0,0.0,9.472781556562168
0,0,0,1540.12,22.0,0.0,17.439851517607305
0,0,0,0.0,20.0,0.0,15.319588176962746
0,0,0,1454.55,12.0,0.0,16.257857680289998
6,0,0,941.18,13.0,0.0,16.341239282272525
0,0,0,21904.0,12.0,0.0,14.88022163978423
0,0,0,0.0,20.0,0.0,12.765691290604371
0,2,4,0.0,50.0,0.0,10.819798284210286
6,0,4,2224.62,10.0,0.0,17.565014657424058
0,0,0,21904.0,4.0,0.0,12.206077645517674
0,0,0,3422.5,16.0,1711.25,15.250595321348806
0,0,0,1711.25,12.0,0.0,14.690979711984754
0,0,0,65712.0,13.0,0.0,14.648420115681892
0,0,0,1711.25,20.0,0.0,13.997832948091215
0,0,0,598.9300000000001,9.0,0.0,17.034386422832473
0,0,0,21904.0,22.0,0.0,16.906553056777135
5,4,2,1369.0,20.0,0.0,17.216707972959764
0,0,0,16428.0,13.0,0.0,16.677711496036597
0,0,0,43808.0,15.0,0.0,11.775297421715827
0,0,0,855.62,13.0,0.0,16.52356082573315
0,0,0,1540.12,20.0,0.0,15.123843647884687
0,0,5,1711.25,22.0,0.0,18.1462439114085
0,0,0,1283.43,13.0,0.0,14.187074804051692
2,1,1,700.0,20.0,0.0,16.300417291085605
7,5,3,0.0,20.0,0.0,17.426428497635523
0,0,0,87616.0,20.0,0.0,13.592368256649284
0,0,0,16428.0,12.0,0.0,15.201805169084134
5,4,0,21904.0,13.0,0.0,17.073607134447293
0,0,0,16428.0,12.0,0.0,14.151983508870947
0,0,0,0.0,13.0,0.0,14.603968372873895
11,0,0,27380.0,13.0,0.0,17.21001898503268
0,0,0,1197.87,16.0,1197.87,14.403297778421795
0,0,0,147852.0,24.0,0.0,12.765691290604371
0,0,0,1000.0,15.0,0.0,14.346139397261565
0,0,0,1000.0,20.0,0.0,13.592368256649284
0,0,0,1000.0,15.0,0.0,14.45736497045232
6,4,1,1604.29,12.0,2548.0,17.034386422832473
0,0,0,32856.0,12.0,0.0,17.281246492014
0,0,0,0.0,15.0,0.0,16.118095750958314
0,0,0,342.25,40.0,342.25,16.52356082573315
0,0,0,2566.87,15.0,0.0,16.066802461833923
0,0,0,0.0,20.0,0.0,13.997832948091215
0,0,0,1967.93,14.0,0.0,15.068273812173887
2,1,0,700.0,15.0,0.0,9.61587214452889
0,0,0,1283.43,10.0,0.0,14.316286451937186
0,0,0,16428.0,10.0,0.0,16.213405921671733
0,0,0,1000.0,15.0,0.0,9.680406499268875
0,0,0,700.0,10.0,0.0,10.12667110305036
6,3,2,0.0,11.0,0.0,16.648723960844016
3,2,0,900.0,15.0,0.0,9.741027444837728
0,0,2,1946.54,20.0,0.0,17.370858648025116
4,4,2,1369.0,13.0,0.0,17.216707972959764
0,0,0,1860.98,30.0,0.0,16.906553056777135
0,0,0,1283.43,13.0,0.0,16.993564429978885
0,0,0,5476.0,10.0,0.0,15.201805169084134
0,0,0,0.0,15.0,0.0,14.827111833279051
0,0,0,0.0,20.0,0.0,15.201805169084134
0,0,0,1540.12,13.0,0.0,14.45736497045232
0,0,0,0.0,15.0,0.0,15.955576839107596
0,0,0,0.0,,0.0,12.506180941677357
0,0,0,0.0,52.0,0.0,15.894952224644102
0,0,0,21904.0,13.0,21904.0,14.731801689838349
6,3,6,142376.0,13.0,43808.0,12.206077645517674
0,0,0,43808.0,20.0,0.0,15.607270193858982
0,0,0,43808.0,20.0,0.0,13.997832948091215
0,0,0,1219.26,15.0,0.0,16.860033043306743
0,0,0,98568.0,15.0,0.0,14.220976332738882
0,0,0,1240.65,13.0,0.0,16.929025911619092
0,0,0,10952.0,14.0,0.0,18.560442695023177
0,0,0,21904.0,15.0,0.0,17.147715103853763
0,0,0,27380.0,12.0,0.0,16.118095750958314
0,0,0,43808.0,14.0,0.0,17.034386422832473
2,1,0,0.0,16.0,0.0,16.41820031748273
0,0,0,2032.1,14.0,0.0,15.068273812173887
6,6,1,21904.0,15.0,0.0,16.993564429978885
6,6,1,21904.0,14.0,0.0,16.993564429978885
5,3,3,1026.75,13.0,1880.0,16.860033043306743
0,0,0,60236.0,10.0,0.0,15.520258832020865
0,0,0,1711.25,20.0,0.0,15.424948670398354
0,0,0,2823.56,15.0,0.0,14.508658238524095
0,0,0,21904.0,13.0,0.0,14.731801689838349
0,0,0,16428.0,13.0,0.0,16.341239282272525
3,0,0,600.0,15.0,0.0,9.87822102528824
0,0,0,27380.0,4.0,0.0,13.815511557963774
5,3,0,21904.0,26.0,0.0,17.129696599000436
0,0,0,21904.0,15.0,0.0,16.993564429978885
0,0,0,1197.87,24.0,0.0,14.508658238524095
11,3,0,21904.0,13.0,0.0,16.993564429978885
0,0,0,21904.0,13.0,0.0,14.45736497045232
0,0,0,180708.0,13.0,0.0,16.257857680289998
7,4,0,0.0,12.0,0.0,17.01418371633128
0,0,0,21904.0,13.0,0.0,11.51293546492023
0,0,0,0.0,15.0,0.0,13.304686600863562
0,0,0,87616.0,12.0,0.0,12.429220196836383
3,5,1,1540.12,18.0,0.0,17.1654146803266
0,0,0,98568.0,14.0,0.0,13.864301674514206
0,0,0,43808.0,20.0,0.0,15.250595321348806
4,6,4,54760.0,15.0,0.0,17.9426449591384
6,6,2,32856.0,15.0,0.0,17.565014657424058
5,5,1,21904.0,30.0,0.0,17.01418371633128
6,6,2,43808.0,15.0,0.0,17.622173069956816
0,0,3,0.0,18.0,0.0,17.312018149733785
0,0,0,3721.96,12.0,0.0,18.197537205138154
0,0,0,21904.0,21.0,0.0,17.65496289206296
5,0,0,21904.0,15.0,0.0,17.341871111992198
0,0,0,400.0,15.0,0.0,13.592368256649284
0,0,0,1711.25,20.0,0.0,14.603968372873895
0,0,0,1369.0,20.0,1369.0,15.687312888712007
0,0,0,4701.0,20.0,0.0,15.573368647930426
4,3,1,2700.0,12.0,2700.0,16.88356353960952
5,3,0,1026.75,8.0,1155.08,16.58182973008354
3,2,1,1481.0,0.0,0.0,11.002116507732017
3,3,0,32856.0,12.0,0.0,11.608244735642321
0,0,0,0.0,,0.0,12.765691290604371
0,0,0,1796.8,10.0,0.0,14.316286451937186
0,0,0,1112.31,15.0,0.0,16.97251102166758
0,0,0,855.62,15.0,0.0,13.815511557963774
0,0,0,21904.0,20.0,0.0,17.553180200057167
0,0,0,0.0,13.0,0.0,16.454567959008102
0,0,0,1000.0,20.0,0.0,15.687312888712007
0,0,0,700.0,15.0,0.0,14.403297778421795
0,0,0,1000.0,15.0,0.0,14.508658238524095
0,0,0,500.0,20.0,0.0,14.508658238524095
0,0,0,3000.0,20.0,0.0,16.012735246411598
0,0,0,500.0,15.0,0.0,13.710151153416941
0,0,0,400.0,15.0,0.0,13.217675375388819
0,0,0,27380.0,12.0,0.0,14.508658238524095
2,1,0,1112.31,10.0,0.0,15.955576839107596
0,0,0,0.0,20.0,0.0,12.706850963741102
0,0,0,1112.3,18.0,0.0,15.068273812173887
0,0,0,0.0,20.0,0.0,12.691583538230217
0,0,0,0.0,15.0,0.0,12.07254696717504
0,0,0,1176.48,36.0,0.0,15.226497775576945
3,3,3,0.0,,0.0,16.41820031748273
10,10,0,93092.0,20.0,0.0,18.826145858727198
0,0,0,1112.3,13.0,0.0,16.341239282272525
4,5,1,0.0,13.0,1900.0,16.705882371415992
0,0,0,27380.0,13.0,0.0,14.80876270134486
0,0,0,1967.93,10.0,0.0,13.42246945133505
0,0,0,43808.0,13.0,0.0,17.6441519761925
0,0,2,1796.81,13.0,12594800.0,17.312018149733785
0,0,0,114996.0,12.0,0.0,14.978661680269907
0,0,0,21904.0,16.0,0.0,14.45736497045232
6,3,1,0.0,0.0,792.0,16.759949589762293
4,3,1,15000.0,15.0,3300.0,12.07254696717504
0,0,0,21904.0,8.0,21904.0,2.772588722239781
4,4,2,27380.0,15.0,0.0,17.233237274364523
0,0,0,0.0,13.0,0.0,14.038654909278163
4,3,1,0.0,,0.0,16.52356082573315
6,3,2,16428.0,14.0,90.0,16.860033043306743
0,0,0,60236.0,26.0,0.0,15.607270193858982
6,3,1,1197.87,12.0,11499600.0,16.929025911619092
11,6,3,0.0,20.0,0.0,16.951004817371683
3,4,1,0.0,20.0,18000.0,17.312018149733785
0,0,0,0.0,12.0,0.0,12.611541086966115
0,0,0,32856.0,13.0,0.0,14.978661680269907
0,0,0,49284.0,15.0,0.0,14.603968372873895
10,5,5,43808.0,15.0,0.0,17.822843761378564
0,0,0,60236.0,13.0,0.0,14.751604309291395
5,4,0,32856.0,15.0,0.0,17.50439003707821
0,0,0,76664.0,13.0,0.0,14.77102238760702
0,0,0,1026.75,13.0,0.0,14.669926311652166
2,1,1,16428.0,10.0,16428.0,16.176364653421913
0,0,0,16428.0,0.0,0.0,10.463131911491967
0,0,0,76664.0,20.0,0.0,10.545367754151743
0,0,0,1561.51,16.0,0.0,14.430696737594902
0,0,0,0.0,,0.0,14.508658238524095
4,5,1,1900.0,15.0,16428.0,16.759949589762293
0,0,0,4.0,12.0,0.0,14.220976332738882
0,0,0,131424.0,14.0,0.0,14.603968372873895
0,0,2,8.0,13.0,0.0,17.822843761378564
0,0,0,76664.0,20.0,0.0,16.811242881518265
0,0,0,98568.0,16.0,0.0,14.626441218624949
0,0,0,1989.32,13.0,0.0,14.77102238760702
0,0,0,93092.0,20.0,0.0,18.826145858727198
0,0,0,0.0,30.0,0.0,13.102162710901053
0,0,0,1625.68,12.0,0.0,14.187074804051692
0,0,1,75000.0,30.0,42000.0,4.61512051684126
5,2,0,27380.0,14.0,0.0,17.479072229734946
4,4,3,54760.0,13.0,0.0,17.479072229734946
0,0,0,60236.0,12.0,0.0,15.363073279446223
3,3,0,1200.0,20.0,0.0,11.608244735642321
0,0,0,21904.0,15.0,0.0,14.845130332288226
0,0,0,2181.84,16.0,0.0,17.073607134447293
0,0,0,76664.0,13.0,0.0,13.493928313146206
2,2,0,1200.0,13.0,0.0,12.100717685412471
6,4,2,3080.0,20.0,0.0,11.736077016252437
0,0,0,38332.0,20.0,0.0,17.312018149733785
0,0,0,1989.32,0.0,0.0,14.557448378884015
0,0,0,43808.0,13.0,0.0,12.04355959836804
7,5,5,43808.0,13.0,0.0,11.982935344196433
0,0,0,21904.0,14.0,0.0,17.01418371633128
0,0,0,98568.0,15.0,0.0,17.93454774903691
4,5,0,54760.0,12.0,3700.0,18.064005814299346
0,0,0,43808.0,20.0,14582.0,13.815511557963774
9,4,0,5989.37,9.0,0.0,18.064005814299346
7,3,0,16428.0,24.0,2200.0,16.012735246411598
9,3,0,8.0,12.0,0.0,11.775297421715827
0,0,0,2053.5,0.0,0.0,13.997832948091215
0,0,0,1369.0,15.0,0.0,14.48334044336031
2,1,1,850.0,20.0,850.0,10.308985993422082
5,4,5,2845.0,12.0,3420.0,17.370858648025116
0,0,0,21904.0,13.0,0.0,14.603968372873895
6,3,8,5476.0,12.0,3600.0,12.611541086966115
0,0,0,1026.75,10.0,0.0,14.731801689838349
6,0,1,21904.0,16.0,2250.0,17.034386422832473
0,0,1,0.0,13.0,0.0,16.588099342704055
1,1,0,109520.0,20.0,65712.0,9.680406499268875
0,0,0,0.0,10.0,0.0,12.429220196836383
2,1,1,0.0,12.0,750.0,16.166885910365842
3,3,0,16428.0,10.0,3833200.0,16.341239282272525
3,0,0,500.0,13.0,0.0,9.99884318585288
0,2,0,11636.5,12.0,0.0,16.41820031748273
0,0,0,2738.0,22.0,2738.0,14.038654909278163
0,0,0,114996.0,13.0,0.0,14.914123179965662
42,0,0,38332.0,22.0,0.0,18.774852564690523
4,2,0,38332.0,20.0,2000.0,11.407576060361786
5,4,0,5476.0,15.0,0.0,11.918397239722838
0,0,0,219040.0,20.0,0.0,13.997832948091215
5,4,0,136900.0,13.0,0.0,12.429220196836383
0,0,0,16428.0,13.0,0.0,10.596659732783579
0,0,0,38332.0,13.0,0.0,11.736077016252437
0,0,0,49284.0,16.0,0.0,13.710151153416941
0,0,0,54760.0,13.0,0.0,11.51293546492023
0,0,0,54760.0,15.0,0.0,12.07254696717504
0,0,0,49284.0,13.0,0.0,11.918397239722838
6,4,0,93092.0,15.0,0.0,11.736077016252437
3,3,0,21904.0,18.0,0.0,11.51293546492023
0,0,0,1026.75,12.0,0.0,14.220976332738882
6,5,0,21904.0,14.0,0.0,16.785925074816024
3,0,0,131424.0,20.0,21904000.0,18.395362946224484
7,4,0,0.0,14.0,3400.0,17.453096744006448
4,6,0,87616.0,14.0,0.0,11.736077016252437
0,0,0,150.0,15.0,0.0,13.217675375388819
0,0,0,21904.0,,0.0,15.319588176962746
0,0,3,21904.0,20.0,0.0,12.25486757159303
4,3,0,38332.0,20.0,0.0,17.19990085520835
0,0,0,0.0,10.0,0.0,15.319588176962746
6,0,0,21904.0,12.0,0.0,16.454567959008102
3,3,0,1385.0,20.0,1385.0,11.695255355062795
5,0,0,2200.0,15.0,0.0,10.308985993422082
5,5,0,125948.0,14.0,0.0,12.128116509451258
0,0,0,0.0,20.0,0.0,17.588271519047417
0,0,0,0.0,20.0,0.0,14.845130332288226
17,5,0,5476.0,14.0,7076.0,12.611541086966115
5,4,0,21904.0,20.0,0.0,12.206077645517674
10,3,0,1112.31,20.0,0.0,16.906553056777135
0,0,0,3.0,20.0,0.0,13.933294482509151
5,3,0,43808.0,13.0,0.0,11.695255355062795
3,2,1,32856.0,18.0,0.0,17.19990085520835
5,5,3,2395.75,12.0,1369.0,17.622173069956816
12,4,0,21904.0,20.0,2610.0,16.929025911619092
0,0,0,87616.0,20.0,0.0,14.285514812209815
0,0,0,600.0,15.0,0.0,14.914123179965662
4,3,0,27380.0,13.0,0.0,11.51293546492023
0,0,0,400.0,15.0,0.0,14.346139397261565
0,0,0,2010.71,12.0,0.0,14.731801689838349
3,4,0,0.0,13.0,0.0,16.705882371415992
9,4,0,0.0,12.0,0.0,17.356469910987094
7,6,0,76664.0,20.0,0.0,18.099097133618006
2,1,0,16428.0,13.0,0.0,16.257857680289998
9,7,0,27380.0,13.0,0.0,17.129696599000436
0,0,0,295704.0,,0.0,11.51293546492023
0,0,0,21904.0,12.0,0.0,15.068273812173887
0,0,0,15.0,40.0,0.0,13.681980308196241
4,4,1,1369.0,20.0,1369.0,17.265498135541893
0,0,0,104044.0,20.0,0.0,18.951309000896888
0,0,0,9583.0,14.0,0.0,14.346139397261565
0,2,1,2139.05,14.0,1369.0,15.856731016694035
0,0,0,174.3,13.0,0.0,10.12667110305036
0,0,0,0.0,20.0,0.0,13.910821646859095
0,0,0,0.0,10.0,0.0,14.790070575320824
0,0,0,38332.0,20.0,0.0,15.64006001130563
2,3,0,27380.0,14.0,0.0,17.439851517607305
0,0,0,65712.0,15.0,0.0,15.150511887854474
4,3,1,0.0,26.0,2856.0,17.296750678069195
3,3,5,2738.0,20.0,1369.0,11.289794413577894
0,0,0,0.0,20.0,0.0,13.304686600863562
0,0,0,2524.09,14.0,0.0,14.45736497045232
0,0,0,0.0,10.0,0.0,14.285514812209815
0,0,0,2738.0,20.0,0.0,13.815511557963774
0,0,0,38332.0,18.0,0.0,14.690979711984754
0,0,0,3280.0,20.0,0.0,12.873904582205107
0,0,0,21904.0,16.0,0.0,16.677711496036597
0,0,0,32856.0,20.0,0.0,17.439851517607305
0,0,0,0.0,15.0,0.0,16.341239282272525
0,0,0,0.0,15.0,0.0,12.847929163278053
0,0,0,0.0,15.0,0.0,16.52356082573315
0,0,0,400.0,15.0,0.0,13.710151153416941
0,0,0,700.0,20.0,0.0,14.077875591662238
0,0,0,21904.0,20.0,0.0,14.220976332738882
2,1,1,38332.0,13.0,0.0,17.034386422832473
0,0,0,16428.0,13.0,0.0,16.705882371415992
3,3,1,32856.0,20.0,11499600.0,11.082157933374816
0,0,0,0.0,15.0,0.0,14.508658238524095
0,0,0,1000.0,0.0,0.0,10.308985993422082
2,1,4,3833200.0,15.0,0.0,10.12667110305036
0,0,0,0.0,30.0,0.0,12.429220196836383
3,2,2,1300.0,15.0,0.0,9.99884318585288
2,1,2,800.0,15.0,0.0,9.90353755128617
0,0,0,60236.0,20.0,0.0,15.250595321348806
0,0,0,0.0,20.0,0.0,12.765691290604371
11,2,2,817.0,10.0,1411.78,16.536806051605975
2,1,0,1625.68,12.0,0.0,16.440179222591198
4,0,2,38503.12,20.0,0.0,17.622173069956816
4,6,0,38332.0,20.0,0.0,17.867295523158884
0,0,0,500.0,15.0,0.0,13.304686600863562
4,3,3,65712.0,13.0,0.0,12.07254696717504
0,0,0,600.0,15.0,0.0,13.45883704259595
0,0,0,1112.3,15.0,0.0,14.115615891155079
8,4,1,1155.09,20.0,0.0,17.182806422433504
7,0,0,1112.31,15.0,0.0,16.694709071442087
5,3,0,21904.0,15.0,0.0,17.182806422433504
0,0,0,1475.95,14.0,0.0,14.690979711984754
0,0,0,15401.25,16.0,0.0,14.557448378884015
0,0,0,9583.0,32.0,27380.0,25.766691921613578
7,5,3,4577.59,15.0,0.0,15.72505321099685
0,0,0,1197.87,12.0,0.0,16.012735246411598
5,4,4,136900.0,16.0,0.0,12.899222326086994
0,0,0,1540.12,10.0,0.0,15.068273812173887
0,0,0,1604.29,,1604.29,17.622173069956816
0,0,0,420.0,15.0,0.0,14.731801689838349
0,0,0,54760.0,15.0,0.0,15.226497775576945
0,0,0,43808.0,15.0,0.0,17.747336210296442
0,0,0,0.0,33.0,0.0,15.717618233614914
0,0,0,27380.0,,27380.0,13.217675375388819
0,0,0,1775.42,20.0,0.0,17.182806422433504
0,0,0,16428.0,12.0,0.0,32.22614099939648
0,0,0,1561.51,13.0,1561.51,14.45736497045232
0,0,0,2224.62,20.0,7500.0,18.132998684833918
0,0,0,0.0,12.0,0.0,17.0926553286923
0,0,0,0.0,20.0,0.0,17.41282284594998
0,0,0,21904.0,12.0,750.0,17.529082649058825
0,0,0,35594.0,13.0,0.0,17.50439003707821
0,0,0,44492.5,14.0,44492.5,15.53827733427679
0,0,0,500.0,20.0,0.0,10.596659732783579
0,0,0,32856.0,12.0,0.0,17.216707972959764
4,2,0,1112.31,13.0,0.0,16.468752592994022
0,0,0,43808.0,13.0,0.0,15.520258832020865
0,0,0,16428.0,15.0,0.0,14.346139397261565
0,0,0,5561.56,12.0,1735.0,4.330733340286331
0,0,0,700.0,15.0,0.0,14.978661680269907
0,0,0,0.0,13.0,0.0,16.677711496036597
0,0,0,54760.0,12.0,0.0,29.64592423647094
0,0,0,21904.0,13.0,0.0,16.811242881518265
0,0,0,54760.0,13.0,0.0,14.508658238524095
0,0,0,5.0,13.0,0.0,15.150511887854474
0,1,2,1450.0,36.0,1850.0,9.90353755128617
0,0,0,1026.75,10.0,5574568.0,21.311052513515197
0,0,0,3080.25,9.0,0.0,14.914123179965662
2,1,0,27380.0,11.0,0.0,16.52356082573315
6,3,0,0.0,11.0,0.0,17.034386422832473
13,0,0,71188.0,14.0,0.0,18.064005814299346
6,3,0,0.0,10.0,0.0,16.61887099947687
6,4,3,0.0,15.0,0.0,17.78580249038432
0,0,0,0.0,13.0,0.0,14.978661680269907
0,0,0,38332.0,20.0,0.0,15.520258832020865
0,0,0,38332.0,15.0,0.0,14.978661680269907
0,0,0,0.0,15.0,0.0,14.751604309291395
0,0,0,0.0,13.0,0.0,14.115615891155079
0,0,0,0.0,,0.0,14.978661680269907
6,5,3,43808.0,12.0,27380.0,17.57671069691365
9,1,1,2053.5,20.0,1026.75,16.88356353960952
0,0,0,21904.0,20.0,21904.0,19.33697147982652
3,1,0,0.0,15.0,0.0,15.671808704579888
0,0,0,6845.0,14.0,6845.0,15.274125813221904
4,3,2,1197.87,,1197.87,17.01418371633128
18,6,0,2738.0,,2738.0,18.197537205138154
0,0,0,21904.0,12.0,0.0,15.096444681204078
0,0,0,0.0,,0.0,15.150511887854474
0,0,0,71188.0,10.0,0.0,15.096444681204078
0,0,0,0.0,20.0,0.0,16.012735246411598
15,6,10,0.0,20.0,0.0,16.951004817371683
0,0,1,27380.0,20.0,0.0,17.32705602664604
9,4,0,27380.0,10.0,0.0,17.281246492014
0,0,1,0.0,10.0,0.0,16.454567959008102
10,3,0,21904.0,16.0,0.0,17.370858648025116
4,4,0,0.0,14.0,0.0,17.05418904934434
12,4,4,21904.0,0.0,21904.0,16.993564429978885
0,0,0,0.0,20.0,0.0,20.560746928625107
1,1,1,1796.81,7.0,1026.75,16.74403413530075
0,0,0,800.0,0.0,0.0,9.87822102528824
0,0,0,153328.0,20.0,153328.0,14.285514812209815
5,3,0,0.0,13.0,0.0,16.61887099947687
0,0,3,10952.0,20.0,5500.0,25.970290698585533
0,0,0,21904.0,13.0,0.0,13.527829818844937
0,0,0,27380.0,20.0,0.0,14.038654909278163
0,0,0,16428.0,13.0,0.0,17.034386422832473
10,0,0,0.0,14.0,0.0,17.274976879196945
0,0,0,49284.0,15.0,0.0,14.731801689838349
0,0,0,21904.0,13.0,0.0,17.129696599000436
0,0,0,21904.0,10.0,0.0,32.06183793977188
0,0,0,2053.5,20.0,2053.5,31.98772995928482
0,0,0,0.0,15.0,0.0,17.073607134447293
0,0,0,600.0,15.0,0.0,13.592368256649284
4,0,0,21904.0,15.0,0.0,16.066802461833923
0,0,0,16428.0,13.0,0.0,16.52356082573315
4,3,0,2000.0,15.0,0.0,10.668978650219241
0,0,0,2224.62,20.0,4000.0,18.826145858727198
5,4,0,0.0,20.0,0.0,17.565014657424058
0,0,0,800.0,15.0,0.0,10.308985993422082
0,0,0,1411.78,31.0,0.0,14.331324320256051
0,0,0,700.0,15.0,0.0,15.607270193858982
0,0,3,49284.0,13.0,0.0,17.909855136853043
0,0,0,0.0,20.0,0.0,17.50439003707821
0,0,0,1283.43,0.0,0.0,17.19990085520835
3,2,0,0.0,24.0,0.0,16.759949589762293
0,0,0,0.0,18.0,0.0,15.830413711839864
4,3,0,0.0,16.0,0.0,17.296750678069195
5,5,0,0.0,16.0,0.0,17.61099976960838
5,4,0,27380.0,15.0,0.0,17.281246492014
5,0,0,0.0,12.0,0.0,17.1654146803266
5,3,0,0.0,12.0,0.0,17.073607134447293
0,0,0,98568.0,15.0,0.0,14.845130332288226
4,2,0,0.0,15.0,0.0,16.066802461833923
0,0,0,87616.0,0.0,0.0,12.899222326086994
6,4,0,27380.0,13.0,0.0,17.034386422832473
5,2,0,21904.0,16.0,0.0,16.677711496036597
1,1,1,21904.0,16.0,0.0,11.51293546492023
2,1,1,0.0,20.0,0.0,9.898525260706313
0,1,10,1000.0,14.0,1000.0,14.603968372873895
0,0,0,109520.0,16.0,0.0,17.50439003707821
0,0,0,300.0,13.0,0.0,14.403297778421795
3,1,0,0.0,10.0,0.0,15.687312888712007
0,0,0,0.0,13.0,0.0,13.652992804936396
0,0,0,65712.0,14.0,0.0,14.115615891155079
3,1,1,16428.0,13.0,16428.0,16.341239282272525
2,1,3,21904.0,8.0,0.0,9.615805480084347
2,1,1,727.28,10.0,727.28,32.49855559715337
0,0,0,0.0,13.0,0.0,15.607270193858982
7,5,8,82140.0,12.0,32856.0,18.064005814299346
0,0,0,0.0,,0.0,15.150511887854474
0,0,0,800.0,13.0,0.0,14.346139397261565
2,1,4,0.0,20.0,0.0,16.468752592994022
0,0,0,600.0,15.0,0.0,14.077875591662238
0,0,0,700.0,13.0,0.0,13.815511557963774
0,0,0,1540.12,20.0,0.0,14.731801689838349
0,0,0,1668.46,13.0,0.0,14.845130332288226
0,0,0,0.0,,0.0,14.731801689838349
0,0,0,38332.0,23.0,0.0,14.151983508870947
0,0,0,8.0,13.0,0.0,17.822843761378564
0,0,0,2823.56,12.0,2738.0,33.00629953611272
0,0,0,32856.0,10.0,0.0,17.216707972959764
2,1,2,0.0,12.0,0.0,16.36495580701484
0,0,0,0.0,13.0,0.0,17.034386422832473
0,0,1,0.0,10.0,0.0,16.341239282272525
0,0,0,27380.0,15.0,0.0,15.319588176962746
0,0,0,21904.0,12.0,0.0,16.951004817371683
0,0,0,10952.0,20.0,0.0,16.52356082573315
0,0,0,6203.28,20.0,0.0,14.285514812209815
0,0,1,21904.0,13.0,0.0,17.034386422832473
0,0,0,27380.0,15.0,0.0,14.648420115681892
9,10,3,1369.0,20.0,941.18,21.416413030506355
0,0,0,3272.76,16.0,0.0,15.319588176962746
9,4,0,16428.0,,0.0,17.479072229734946
0,0,0,1369.0,13.0,0.0,32.57266356353786
0,0,0,0.0,10.0,0.0,14.077875591662238
0,0,0,5540.17,32.0,0.0,13.76421831620775
0,0,0,0.0,20.0,0.0,14.316286451937186
0,0,0,21904.0,10.0,0.0,16.835935492889124
0,0,0,0.0,13.0,0.0,14.557448378884015
0,0,0,21904.0,13.0,0.0,14.557448378884015
10,3,2,1454.56,13.0,0.0,17.129696599000436
0,0,0,21904.0,13.0,0.0,14.316286451937186
4,3,0,0.0,20.0,1650.0,16.94380504839366
9,3,0,16428.0,10.0,0.0,16.61887099947687
0,0,0,21904.0,13.0,0.0,14.557448378884015
0,0,0,21904.0,12.0,0.0,14.285514812209815
0,0,0,202612.0,15.0,0.0,13.304686600863562
5,4,2,1796.81,13.0,0.0,17.281246492014
0,0,0,27380.0,0.0,0.0,14.731801689838349
0,0,0,10952.0,0.0,0.0,13.384729180332174
0,0,0,109520.0,20.0,0.0,16.300417291085605
0,0,0,120472.0,20.0,0.0,21.12873095572124
6,5,5,60236.0,0.0,0.0,17.553180200057167
3,2,4,0.0,25.0,650.0,10.819798284210286
0,0,0,0.0,40.0,0.0,18.005165315142214
0,0,0,21904.0,20.0,0.0,14.430696737594902
0,0,0,0.0,,0.0,13.304686600863562
0,0,0,21904.0,20.0,0.0,13.997832948091215
4,3,0,0.0,13.0,0.0,16.648723960844016
0,0,0,0.0,20.0,0.0,15.068273812173887
3,3,0,0.0,13.0,0.0,16.380459992348886
0,0,0,0.0,20.0,0.0,14.220976332738882
10,10,30,76664.0,,0.0,13.45883704259595
4,4,0,10952.0,13.0,0.0,12.323860125621126
0,0,0,600.0,15.0,0.0,13.910821646859095
10,0,0,0.0,20.0,0.0,16.785925074816024
0,0,0,0.0,10.0,0.0,14.88022163978423
0,0,0,3272.76,16.0,0.0,15.319588176962746
0,0,0,186184.0,15.0,0.0,14.285514812209815
0,0,0,82140.0,12.0,0.0,13.815511557963774
0,0,0,76664.0,8.0,0.0,13.910821646859095
2,3,0,3400.0,0.0,3400.0,17.822843761378564
0,0,0,21904.0,13.0,0.0,14.626441218624949
3,4,0,1780.0,20.0,1780.0,16.929025911619092
3,3,0,1380.0,,1380.0,17.216707972959764
3,3,0,1500.0,0.0,0.0,16.811242881518265
0,0,0,27380.0,20.0,0.0,15.687312888712007
0,0,0,65712.0,12.0,0.0,15.717618233614914
0,0,0,0.0,20.0,0.0,13.815511557963774
0,0,0,65712.0,13.0,0.0,14.731801689838349
0,0,0,65712.0,26.0,0.0,14.77102238760702
0,0,0,49284.0,20.0,0.0,12.429220196836383
0,0,0,27380.0,13.0,0.0,14.77102238760702
0,0,0,10952.0,13.0,0.0,12.899222326086994
0,0,0,21904.0,20.0,0.0,13.304686600863562
5,6,0,65712.0,13.0,0.0,17.989897843244528
6,4,0,0.0,13.0,0.0,17.147715103853763
0,0,0,300.0,13.0,0.0,13.122365377402328
4,3,0,1925.15,20.0,0.0,16.951004817371683
5,4,0,16428.0,20.0,0.0,17.370858648025116
5,5,4,54760.0,13.0,3000.0,18.064005814299346
3,3,0,0.0,20.0,0.0,16.97251102166758
6,7,4,0.0,13.0,5320.0,18.197537205138154
7,4,0,0.0,13.0,0.0,16.929025911619092
5,5,0,54760.0,20.0,0.0,17.909855136853043
5,8,0,10952.0,,6000.0,18.951309000896888
0,0,0,200.0,0.0,0.0,14.731801689838349
5,2,0,0.0,12.0,0.0,16.937875526504495
9,0,0,0.0,12.0,0.0,16.801192546169812
7,3,0,32856.0,14.0,0.0,17.32705602664604
0,0,0,200.0,0.0,0.0,13.652992804936396
0,0,0,300.0,0.0,0.0,14.731801689838349
0,0,0,27380.0,0.0,0.0,17.77632374660947
0,0,0,250.0,0.0,0.0,13.353476685668044
0,0,0,0.0,0.0,0.0,16.530205368010318
6,4,3,0.0,13.0,0.0,17.034386422832473
4,4,0,0.0,0.0,0.0,16.648723960844016
0,0,0,1200.0,0.0,0.0,14.346139397261565
0,0,0,1000.0,0.0,0.0,15.068273812173887
5,2,2,1133.7,0.0,0.0,17.05418904934434
0,0,0,200.0,0.0,0.0,13.304686600863562
0,0,0,0.0,0.0,0.0,16.929025911619092
10,0,0,0.0,,0.0,17.356469910987094
0,0,0,250.0,0.0,0.0,14.508658238524095
0,0,0,200.0,0.0,0.0,13.527829818844937
0,0,0,150.0,0.0,0.0,12.611541086966115
0,0,0,250.0,0.0,0.0,13.217675375388819
0,0,0,8042.87,12.0,0.0,15.319588176962746
0,0,0,32856.0,22.0,0.0,14.557448378884015
0,0,0,2378.0,42.0,0.0,4.51085950651685
0,0,0,3721.96,20.0,0.0,14.731801689838349
0,0,0,27380.0,20.0,0.0,15.201805169084134
0,0,0,0.0,10.0,0.0,32.59909680430167
0,0,0,150.0,0.0,0.0,13.017005083966255
0,0,0,200.0,0.0,0.0,13.997832948091215
0,0,0,300.0,0.0,0.0,12.899222326086994
0,0,0,500.0,0.0,0.0,13.527829818844937
3,2,0,21904.0,0.0,0.0,10.819798284210286
0,0,0,500.0,0.0,0.0,15.068273812173887
0,0,0,600.0,0.0,0.0,14.220976332738882
0,0,0,800.0,0.0,0.0,14.077875591662238
0,0,0,150.0,0.0,0.0,13.304686600863562
0,0,0,500.0,0.0,0.0,13.304686600863562
0,0,0,1000.0,0.0,0.0,13.384729180332174
0,0,0,0.0,0.0,0.0,14.285514812209815
0,0,0,500.0,0.0,0.0,13.017005083966255
0,0,0,1200.0,0.0,0.0,13.017005083966255
0,0,0,200.0,0.0,0.0,13.122365377402328
5,4,4,82140.0,13.0,0.0,17.77632374660947
0,0,0,0.0,20.0,0.0,14.346139397261565
0,0,0,16428.0,20.0,0.0,14.557448378884015
0,0,0,1500.0,0.0,0.0,15.607270193858982
0,0,0,1433.17,,0.0,15.583660332201646
0,0,0,0.0,20.0,0.0,14.220976332738882
0,0,0,500.0,0.0,0.0,9.105090961257085
2,1,0,1200.0,0.0,0.0,11.002116507732017
0,0,0,5476.0,0.0,0.0,11.918397239722838
2,2,0,900.0,0.0,0.0,10.596659732783579
3,1,0,1200.0,0.0,0.0,10.596659732783579
0,0,0,38332.0,20.0,0.0,15.039286283703994
0,0,0,0.0,14.0,0.0,20.220739108557094
7,5,0,27380.0,14.0,0.0,16.835935492889124
0,0,0,1882.37,24.0,0.0,15.555976908243359
4,4,1,2909.12,16.0,2300.0,17.481044642173718
6,5,0,0.0,13.0,0.0,17.439851517607305
2,1,0,800.0,13.0,0.0,10.12667110305036
8,3,1,21904.0,14.0,0.0,17.249497794707484
5,3,0,1155.09,22.0,0.0,17.11134746100564
2,1,0,32856.0,13.0,0.0,9.99884318585288
0,0,0,1540.12,10.0,0.0,16.88356353960952
0,0,0,27380.0,10.0,0.0,17.05418904934434
4,4,0,0.0,,0.0,10.714439990727769
3,3,1,43808.0,12.0,0.0,11.350418300109132
4,4,3,13690.0,15.0,0.0,12.611541086966115
11,4,4,5476.0,12.0,0.0,12.847929163278053
5,3,4,109520.0,15.0,0.0,12.429220196836383
4,4,0,5.0,15.0,0.0,11.002116507732017
5,4,4,5476.0,13.0,0.0,11.849404844423074
5,3,3,12.0,15.0,0.0,11.918397239722838
0,0,0,32856.0,20.0,0.0,14.690979711984754
4,2,2,43808.0,20.0,0.0,17.50439003707821
0,0,0,54760.0,10.0,0.0,15.009433329466965
0,0,0,0.0,12.0,0.0,16.811242881518265
7,5,5,14.0,13.0,0.0,12.691583538230217
0,0,0,2352.96,13.0,0.0,17.296750678069195
5,2,0,43808.0,15.0,0.0,11.51293546492023
6,4,0,1197.87,13.0,0.0,11.156264806643742
0,0,0,43808.0,20.0,0.0,17.622173069956816
0,0,0,43808.0,13.0,0.0,11.51293546492023
4,3,0,21904.0,,0.0,16.88356353960952
0,0,0,60236.0,13.0,0.0,13.997832948091215
4,3,2,2100.0,13.0,0.0,11.736077016252437
0,0,0,229992.0,20.0,0.0,13.304686600863562
3,4,0,43808.0,0.0,0.0,11.918397239722838
0,0,0,0.0,20.0,0.0,14.603968372873895
5,2,0,1197.87,13.0,0.0,10.915106645867503
0,0,0,21904.0,20.0,0.0,15.009433329466965
5,5,0,38332.0,15.0,0.0,11.918397239722838
0,0,0,0.0,20.0,0.0,14.220976332738882
0,0,5,5476.0,20.0,0.0,18.064005814299346
5,5,0,1882.37,15.0,0.0,12.206077645517674
0,0,4,43808.0,16.0,0.0,17.6762402900575
0,0,0,109520.0,13.0,0.0,15.068273812173887
6,6,10,10952.0,20.0,0.0,13.217675375388819
5,4,2,71188.0,13.0,0.0,11.918397239722838
0,0,0,82140.0,15.0,0.0,12.100717685412471
7,4,0,5476.0,13.0,0.0,11.736077016252437
8,4,5,5561.56,13.0,0.0,12.765691290604371
0,0,0,0.0,,0.0,16.341239282272525
3,3,0,1800.0,0.0,0.0,17.034386422832473
4,4,0,3700.0,0.0,0.0,17.622173069956816
4,4,0,3700.0,0.0,0.0,17.622173069956816
3,3,0,2450.0,0.0,0.0,17.370858648025116
0,0,0,16428.0,20.0,0.0,12.899222326086994
0,0,0,114996.0,18.0,0.0,15.123843647884687
0,0,0,16428.0,13.0,0.0,16.249124001084017
0,0,0,877.01,10.0,0.0,16.249124001084017
0,0,0,109520.0,13.0,0.0,15.201805169084134
0,0,0,16428.0,32.0,0.0,14.375126917328105
0,0,0,43808.0,15.0,0.0,15.38412668421143
4,0,0,0.0,12.0,0.0,16.300417291085605
0,0,0,16428.0,13.0,0.0,12.812209358190985
0,0,0,0.0,13.0,0.0,19.00846741441004
0,0,0,1304.8200000000002,20.0,0.0,14.220976332738882
0,0,0,0.0,12.0,0.0,14.80876270134486
0,0,0,76664.0,20.0,0.0,13.864301674514206
10,0,4,0.0,10.0,0.0,16.489659276356317
3,4,0,21904.0,13.0,0.0,17.41282284594998
2,3,0,4100.0,0.0,0.0,12.301387370778713
0,0,0,21904.0,8.0,0.0,14.077875591662238
0,0,0,49284.0,16.0,0.0,14.508658238524095
0,0,0,21904.0,10.0,0.0,14.151983508870947
0,0,0,0.0,15.0,0.0,13.45883704259595
7,0,4,21904.0,16.0,0.0,16.993564429978885
0,0,0,0.0,20.0,0.0,16.52356082573315
11,0,4,21904.0,20.0,0.0,16.83104550783405
0,0,0,0.0,20.0,0.0,17.11134746100564
0,0,0,21904.0,20.0,0.0,17.216707972959764
0,0,0,0.0,20.0,0.0,16.705882371415992
0,0,0,38332.0,15.0,0.0,17.370858648025116
0,0,0,0.0,20.0,0.0,13.304686600863562
0,0,0,0.0,20.0,0.0,16.60667572712668
0,0,0,0.0,20.0,0.0,13.955273369904273
0,0,0,0.0,12.0,0.0,15.687312888712007
0,0,0,0.0,32.0,0.0,13.45883704259595
0,0,0,1689.85,13.0,0.0,14.151983508870947
0,0,0,44492.5,12.0,0.0,17.390661274761072
0,0,0,54760.0,12.0,0.0,12.429220196836383
0,0,0,0.0,20.0,0.0,13.910821646859095
7,6,4,0.0,14.0,0.0,16.588099342704055
0,0,0,21904.0,20.0,0.0,14.80876270134486
4,1,0,0.0,10.0,0.0,16.012735246411598
2,1,0,21904.0,15.0,0.0,16.380459992348886
0,0,0,32856.0,26.0,0.0,14.403297778421795
0,0,0,0.0,20.0,0.0,13.710151153416941
0,0,0,21904.0,26.0,0.0,14.285514812209815
0,0,0,27380.0,20.0,0.0,17.034386422832473
3,4,0,0.0,20.0,1348.0,10.714439990727769
0,0,0,0.0,20.0,0.0,14.403297778421795
3,3,1,941.18,12.0,0.0,16.785925074816024
4,3,4,0.0,13.0,0.0,16.648723960844016
4,3,0,5476.0,15.0,0.0,11.407576060361786
5,5,15,10267.5,13.0,164280.0,12.765691290604371
6,4,8,76664.0,13.0,3014.0,11.51293546492023
4,4,2,54760.0,14.0,0.0,11.918397239722838
5,7,2,16428.0,15.0,0.0,13.122365377402328
10,0,3,38332.0,10.0,0.0,17.453096744006448
5,3,0,43808.0,,0.0,11.775297421715827
8,6,5,16428.0,0.0,0.0,12.611541086966115
4,4,3,65712.0,12.0,0.0,11.608244735642321
4,4,5,13.0,12.0,0.0,14.220976332738882
0,0,0,21904.0,0.0,0.0,10.12667110305036
8,2,2,8214.0,13.0,0.0,12.013706813470414
1,1,1,1197.87,13.0,1197.87,16.811242881518265
3,3,1,1882.37,0.0,0.0,17.034386422832473
5,3,2,0.0,20.0,0.0,11.695255355062795
0,0,0,438080.0,15.0,0.0,12.899222326086994
0,0,0,0.0,20.0,0.0,11.51293546492023
0,0,0,0.0,20.0,0.0,13.217675375388819
5,3,2,5476.0,13.0,0.0,11.918397239722838
7,3,4,11.0,13.0,0.0,11.918397239722838
0,0,0,0.0,20.0,0.0,13.815511557963774
4,6,1,2500.0,15.0,0.0,11.982935344196433
0,0,0,0.0,13.0,0.0,13.217675375388819
0,0,0,0.0,20.0,0.0,12.611541086966115
0,0,0,0.0,20.0,0.0,14.077875591662238
0,0,0,27380.0,20.0,0.0,12.468440756144114
14,6,6,71188.0,20.0,38332.0,12.506180941677357
10,4,0,0.0,20.0,0.0,17.034386422832473
3,4,1,1283.43,15.0,0.0,11.87757552297847
0,0,0,0.0,20.0,0.0,11.736077016252437
0,0,0,0.0,20.0,0.0,14.603968372873895
0,0,0,0.0,20.0,0.0,14.346139397261565
5,4,0,27380.0,13.0,2085.0,11.289794413577894
0,5,3,1540.12,13.0,0.0,11.736077016252437
7,5,3,38332.0,13.0,0.0,12.206077645517674
4,4,5,14716.75,15.0,0.0,12.611541086966115
21,18,2,2224.62,12.0,0.0,11.736077016252437
0,0,12,20.0,0.0,0.0,13.235693848424024
6,2,1,1197.87,12.0,0.0,16.677711496036597
0,0,0,1155.09,12.0,0.0,15.29711532616119
4,3,0,21904.0,13.0,0.0,17.034386422832473
5,0,4,5476.0,26.0,0.0,17.90818707978017
10,0,3,0.0,0.0,13.0,17.21336907180573
0,0,0,43808.0,13.0,0.0,15.250595321348806
0,0,0,0.0,24.0,0.0,17.822843761378564
4,0,0,0.0,13.0,0.0,17.0926553286923
8,6,4,1497.34,13.0,0.0,17.296750678069195
0,0,0,32856.0,10.0,0.0,15.607270193858982
0,0,0,60236.0,26.0,0.0,15.319588176962746
7,4,1,1176.48,14.0,0.0,16.88356353960952
0,0,0,32856.0,12.0,0.0,15.424948670398354
0,0,0,43808.0,12.0,0.0,15.424948670398354
0,0,0,0.0,13.0,0.0,14.845130332288226
8,4,1,38332.0,15.0,0.0,17.453096744006448
0,0,0,65712.0,12.0,0.0,14.731801689838349
7,3,1,1625.68,12.0,0.0,17.034386422832473
0,0,0,32856.0,10.0,0.0,14.978661680269907
0,0,0,82140.0,11.0,0.0,14.690979711984754
15,5,0,16428.0,20.0,0.0,16.993564429978885
0,0,0,32856.0,14.0,0.0,14.978661680269907
0,0,0,38332.0,13.0,0.0,15.250595321348806
0,0,0,27380.0,15.0,0.0,13.081543466215237
8,4,0,1197.87,20.0,0.0,16.648723960844016
0,0,0,0.0,15.0,0.0,14.914123179965662
0,0,0,21904.0,12.0,0.0,14.99416586199818
0,0,0,54760.0,10.0,0.0,15.123843647884687
5,3,2,0.0,16.0,0.0,17.073607134447293
6,3,0,21904.0,14.0,0.0,17.182806422433504
3,2,1,1133.7,12.0,0.0,16.41820031748273
6,2,0,21904.0,20.0,0.0,16.942271137784317
3,3,0,3.5,12.0,0.0,17.073607134447293
0,0,0,0.0,15.0,0.0,15.607270193858982
6,4,0,21904.0,12.0,0.0,17.129696599000436
4,3,0,0.0,12.0,0.0,16.929025911619092
4,5,10,16428.0,13.0,0.0,12.899222326086994
7,2,0,0.0,13.0,0.0,16.5563506464056
5,0,0,0.0,15.0,2900.0,17.216707972959764
6,3,0,32856.0,12.0,0.0,17.75709238505144
11,0,0,3.1,20.0,0.0,16.52356082573315
11,0,0,32856.0,14.0,0.0,17.622173069956816
11,0,0,27380.0,15.0,0.0,17.312018149733785
12,0,4,38332.0,13.0,0.0,17.50439003707821
9,0,3,0.0,13.0,0.0,16.716932206992077
5,4,3,4.0,13.0,0.0,16.770420889081343
12,0,0,0.0,13.0,0.0,16.68907525404123
7,0,0,16428.0,13.0,0.0,16.648723960844016
10,0,3,32856.0,13.0,0.0,17.21001898503268
9,0,0,0.0,13.0,0.0,16.860033043306743
6,3,4,32856.0,13.0,0.0,17.341871111992198
0,0,0,21904.0,20.0,0.0,14.187074804051692
6,4,4,6.0,14.0,0.0,17.50439003707821
0,0,0,21904.0,12.0,0.0,14.580978865220017
3,3,0,16428.0,12.0,0.0,16.806230339945976
10,0,0,16428.0,13.0,0.0,16.636889503897294
5,3,4,0.0,12.0,0.0,11.51293546492023
1,1,1,0.0,,0.0,9.105090961257085
9,4,4,4406.46,13.0,0.0,17.958645300228824
0,0,0,0.0,20.0,0.0,4.61512051684126
3,2,3,16428.0,10.0,0.0,16.341239282272525
5,2,3,1240.65,13.0,0.0,16.468752592994022
5,4,3,1048.14,16.0,0.0,16.811242881518265
5,3,2,0.0,13.0,0.0,16.785925074816024
4,2,2,0.0,18.0,0.0,16.860033043306743
5,2,4,0.0,20.0,0.0,18.420680753952364
6,4,3,1048.14,10.0,0.0,16.929025911619092
5,4,4,21904.0,12.0,0.0,17.426428497635523
4,3,4,1326.21,20.0,0.0,16.759949589762293
5,5,4,49284.0,12.0,0.0,17.622173069956816
6,3,3,21904.0,12.0,0.0,16.61887099947687
0,0,0,5347.65,20.0,0.0,18.292847383806116
10,6,4,0.0,10.0,0.0,17.182806422433504
0,0,0,0.0,20.0,0.0,15.830413711839864
0,0,0,38332.0,20.0,0.0,17.822843761378564
6,4,3,0.0,13.0,0.0,17.399029524198163
10,6,4,0.0,13.0,0.0,16.993564429978885
4,1,2,16428.0,13.0,0.0,16.300417291085605
0,0,0,2374.35,20.0,0.0,15.955576839107596
12,4,5,1411.78,0.0,0.0,17.622173069956816
3,3,2,0.0,10.0,0.0,16.52356082573315
0,0,0,38332.0,26.0,0.0,13.815511557963774
0,0,0,165.0,20.0,0.0,13.122365377402328
4,2,0,27380.0,13.0,0.0,16.811242881518265
4,4,2,1026.75,13.0,0.0,16.588099342704055
4,4,4,983.96,12.0,0.0,17.439851517607305
0,0,0,0.0,26.0,0.0,16.811242881518265
9,9,3,0.0,9.0,0.0,17.249497794707484
5,4,3,0.0,16.0,0.0,16.835935492889124
4,5,3,1411.78,12.0,0.0,17.073607134447293
2,2,2,1100.0,16.0,0.0,11.695255355062795
2,2,2,800.0,24.0,0.0,15.830413711839864
2,2,2,1000.0,20.0,0.0,11.51293546492023
3,3,2,1582.0,20.0,0.0,16.677711496036597
0,0,0,2566.87,,0.0,15.520258832020865
2,2,2,1100.0,13.0,0.0,11.608244735642321
4,3,1,1625.68,13.0,800.0,17.034386422832473
3,3,1,1796.8,18.0,0.0,17.1654146803266
0,0,0,1095200.0,0.0,0.0,10.819798284210286
0,0,0,985680.0,0.0,0.0,10.596659732783579
0,0,0,0.0,20.0,10952.0,12.429220196836383
0,0,0,400.0,35.0,0.0,14.914123179965662
0,0,0,2053.5,16.0,0.0,14.690979711984754
0,0,0,1711.25,16.0,0.0,15.068273812173887
4,3,1,1775.42,13.0,0.0,16.489659276356317
6,4,1,1775.42,13.0,0.0,17.129696599000436
0,0,0,1369.0,13.0,0.0,14.77102238760702
6,2,0,87616.0,18.0,43808.0,11.002116507732017
3,2,0,1300.0,20.0,0.0,11.695255355062795
2,2,0,1200.0,15.0,0.0,11.918397239722838
2,3,0,3400.0,20.0,0.0,17.822843761378564
2,1,0,750.0,15.0,0.0,10.596659732783579
3,2,0,1350.0,20.0,0.0,16.61887099947687
0,3,0,6759.43,32.0,0.0,17.216707972959764
5,2,5,54760.0,13.0,0.0,11.736077016252437
5,3,2,71188.0,20.0,21904.0,12.429220196836383
5,6,0,65712.0,13.0,0.0,17.989897843244528
10,10,0,180708.0,16.0,0.0,19.275096076363752
0,0,0,71188.0,20.0,0.0,15.319588176962746
10,6,0,1048.14,,0.0,17.6762402900575
0,0,0,54760.0,24.0,0.0,13.76421831620775
10,4,0,0.0,20.0,0.0,17.370858648025116
0,0,0,1818.2,14.0,0.0,14.508658238524095
0,0,0,1347.6,14.0,0.0,14.731801689838349
14,5,0,175232.0,13.0,4000.0,12.611541086966115
0,0,0,98568.0,20.0,0.0,11.002116507732017
3,3,0,0.0,16.0,1300.0,11.002116507732017
3,2,0,1300.0,20.0,0.0,10.915106645867503
5,3,0,1283.43,20.0,0.0,16.811242881518265
3,4,0,3000.0,13.0,0.0,17.034386422832473
7,7,0,49284.0,10.0,0.0,17.71748324774094
0,0,0,62289.5,20.0,0.0,12.611541086966115
4,4,0,32856.0,20.0,2045.0,16.705882371415992
0,0,0,0.0,20.0,0.0,15.607270193858982
0,0,0,43808.0,13.0,0.0,14.790070575320824
6,0,0,1219.26,20.0,0.0,17.588271519047417
14,4,0,0.0,14.0,0.0,17.370858648025116
0,0,0,65712.0,13.0,0.0,17.909855136853043
0,0,0,120472.0,20.0,0.0,15.250595321348806
4,2,0,0.0,16.0,0.0,16.380459992348886
0,0,0,0.0,13.0,0.0,14.80876270134486
0,0,0,32856.0,22.0,0.0,14.557448378884015
7,4,4,0.0,14.0,0.0,17.453096744006448
0,0,0,1112.3,16.0,0.0,15.123843647884687
0,0,0,0.0,20.0,0.0,14.845130332288226
3,4,4,4192.5,20.0,0.0,18.064005814299346
0,0,0,0.0,16.0,0.0,19.34096350108012
8,7,0,2823.55,14.0,3300.0,17.541204009297314
12,4,0,21904.0,20.0,2610.0,16.929025911619092
0,0,0,2395.75,20.0,0.0,15.520258832020865
5,2,0,1689.85,14.0,0.0,17.50688691721445
0,0,0,5133.75,16.0,0.0,14.403297778421795
0,0,0,12000.0,20.0,0.0,13.790193775620484
23,16,4,0.0,12.0,0.0,17.989897843244528
0,0,0,4192.55,17.0,0.0,16.380459992348886
0,0,0,6074.93,20.0,0.0,16.41820031748273
0,0,0,27380.0,20.0,0.0,16.380459992348886
4,3,3,5476.0,13.0,0.0,11.918397239722838
0,0,0,2053.5,12.0,0.0,14.731801689838349
5,3,1,1026.75,10.0,650.0,16.61887099947687
0,0,0,20535.0,12.0,0.0,14.80876270134486
0,0,0,4192.55,12.0,0.0,15.38412668421143
0,0,0,109520.0,15.0,0.0,14.430696737594902
0,0,0,2053.5,15.0,0.0,15.732433317205148
2,2,0,1000.0,20.0,0.0,11.461642696843066
0,0,0,43808.0,20.0,0.0,14.375126917328105
0,0,0,1796.8,20.0,0.0,17.822843761378564
0,0,0,1369.0,12.0,0.0,15.607270193858982
0,0,0,2000.0,20.0,0.0,12.506180941677357
0,0,0,10952.0,15.0,0.0,14.285514812209815
0,0,0,5476.0,15.0,0.0,14.557448378884015
0,0,0,1369.0,20.0,0.0,14.77102238760702
0,0,0,10952.0,0.0,0.0,14.978661680269907
0,0,0,1711.25,12.0,0.0,14.731801689838349
4,3,0,2139.05,15.0,0.0,17.073607134447293
0,0,0,1197.87,13.0,0.0,15.444751293772967
0,0,0,131424.0,20.0,0.0,12.899222326086994
4,3,1,109520.0,15.0,0.0,11.982935344196433
8,7,2,0.0,10.0,3400.0,17.312018149733785
4,3,1,21904.0,0.0,0.0,10.714439990727769
4,3,1,131424.0,20.0,0.0,12.429220196836383
5,5,1,3000.0,16.0,0.0,13.171155446333852
0,2,1,2000.0,15.0,0.0,10.915106645867503
0,0,0,8214.0,20.0,0.0,12.765691290604371
4,4,2,2566.87,13.0,0.0,17.822843761378564
14,4,10,191660.0,20.0,0.0,12.765691290604371
0,0,0,2900.0,20.0,0.0,15.068273812173887
0,0,0,3764.75,13.0,0.0,15.520258832020865
0,0,0,2395.75,13.0,0.0,15.319588176962746
6,3,2,2566.87,20.0,1900.0,11.51293546492023
0,0,0,18139.25,25.0,0.0,20.21244021484709
0,0,0,22930.75,25.0,0.0,17.9426449591384
0,0,0,219040.0,20.0,0.0,16.454567959008102
0,0,0,7529.5,,0.0,19.29614948547293
0,0,0,0.0,25.0,0.0,16.118095750958314
0,13,12,3764.75,23.0,11000.0,18.5159909328476
0,0,0,10267.5,,0.0,19.673443715304877
0,0,0,301180.0,,0.0,15.330638010707329
0,0,0,2000.0,,0.0,13.815512557962274
0,0,0,3080.25,,0.0,16.52356082573315
0,0,0,43808.0,24.0,2890.0,14.845130332288226
0,0,0,295704.0,32.0,0.0,15.573368647930426
7,3,2,43808.0,15.0,0.0,11.51293546492023
2,1,0,300.0,11.0,0.0,9.648659816955295
0,0,0,27380.0,15.0,0.0,14.220976332738882
5,5,3,49284.0,13.0,0.0,11.225256725762893
0,0,0,1197.87,13.0,0.0,14.285514812209815
0,0,0,21904.0,13.0,0.0,13.681980308196241
2,1,1,683.0,20.0,0.0,16.341239282272525
0,0,0,1582.9,10.0,0.0,14.508658238524095
0,0,0,38332.0,18.0,0.0,14.603968372873895
0,0,0,1540.12,,0.0,15.319588176962746
4,6,5,0.0,20.0,0.0,18.5159909328476
5,4,4,5133.75,13.0,4000.0,17.95067713070663
0,0,0,4449.25,18.0,0.0,15.46416937585933
0,0,0,7529.5,22.0,120472.0,14.253766134056512
3,2,1,65712.0,28.0,1350.0,16.380459992348886
3,2,1,65712.0,28.0,1350.0,16.380459992348886
6,3,2,2566.87,18.0,0.0,17.370858648025116
4,5,4,4021.43,18.0,2698.0,17.41282284594998
5,5,2,1711.25,15.0,0.0,17.073607134447293
4,1,1,1197.87,15.0,0.0,16.213405921671733
8,2,1,1369.0,15.0,0.0,16.759949589762293
5,5,2,1711.25,15.0,0.0,17.034386422832473
12,4,2,1711.25,15.0,0.0,16.811242881518265
0,0,0,1369.0,0.0,0.0,16.52356082573315
7,5,2,27380.0,12.0,0.0,17.182806422433504
0,0,0,1625.68,13.0,0.0,14.603968372873895
0,0,0,2053.5,0.0,0.0,14.430696737594902
0,0,0,1711.25,13.0,0.0,15.068273812173887
0,0,0,2823.56,16.0,0.0,15.607270193858982
3,2,1,1454.56,15.0,4873640.0,17.182806422433504
0,0,0,1711.25,13.0,0.0,15.150511887854474
0,0,0,1711.25,0.0,0.0,15.520258832020865
0,0,0,2053.5,0.0,0.0,15.520258832020865
0,0,0,21904.0,0.0,0.0,15.520258832020865
0,0,0,43808.0,20.0,0.0,15.520258832020865
6,3,2,0.0,10.0,1369.0,17.034386422832473
6,4,3,4107.0,10.0,2053.5,17.50439003707821
0,0,0,5476.0,16.0,0.0,12.765691290604371
0,0,0,2224.62,20.0,0.0,15.319588176962746
0,0,0,0.0,20.0,0.0,16.648723960844016
0,0,0,1839.59,13.0,0.0,13.45883704259595
5,4,3,2053.5,18.0,0.0,17.216707972959764
5,6,3,65712.0,0.0,0.0,18.197537205138154
0,0,0,0.0,20.0,0.0,13.710151153416941
0,0,0,0.0,20.0,0.0,13.304686600863562
0,0,0,76664.0,14.0,0.0,17.034386422832473
0,0,0,0.0,20.0,0.0,13.815511557963774
0,0,0,0.0,20.0,0.0,13.710151153416941
4,2,2,1197.87,13.0,0.0,16.705882371415992
7,3,2,1925.15,16.0,0.0,16.951004817371683
0,0,0,3764.75,20.0,0.0,17.370858648025116
11,6,2,2395.75,20.0,0.0,17.370858648025116
6,4,0,1369.0,30.0,5472.0,17.622173069956816
4,3,2,0.0,20.0,0.0,17.19990085520835
10,5,2,1540.12,16.0,0.0,16.860033043306743
12,5,1,1540.12,13.0,0.0,17.147715103853763
4,5,2,3600.0,0.0,3600.0,12.206077645517674
0,0,0,2395.75,30.0,2000.0,18.951309000896888
0,0,0,11294.25,20.0,0.0,15.096444681204078
0,0,0,1133.7,12.0,0.0,16.275099485238066
0,0,0,2053.5,20.0,0.0,15.201805169084134
0,0,0,1582.9,20.0,0.0,15.201805169084134
3,2,1,1336.0,20.0,0.0,16.213405921671733
0,0,0,1582.9,,0.0,14.731801689838349
0,0,0,16428.0,25.0,0.0,17.296750678069195
5,4,7,12321.0,20.0,0.0,18.757152987716434
4,5,7,10952.0,20.0,4080.12,18.46947091764561
5,2,7,18139.25,12.0,0.0,17.893048018819147
4,3,5,164280.0,30.0,0.0,15.687312888712007
0,0,0,38503.12,12.0,0.0,14.80876270134486
5,5,5,5476.0,16.0,0.0,13.122365377402328
4,2,1,0.0,13.0,0.0,16.300417291085605
5,3,1,43808.0,12.0,0.0,17.11134746100564
9,3,4,279276.0,13.0,0.0,12.611541086966115
5,2,5,71188.0,12.0,71188.0,18.099097133618006
